date,Antigua and Barbuda,Australia,Bangladesh,Brazil,Chile,Czechia,Denmark,France,Indonesia,Italy,Japan,Malaysia,Mexico,Philippines,Saudi Arabia,Serbia,Slovenia,Spain,Taiwan,Thailand,United States
2020-02-15,3.0,0.0,1.0,0.0,0.0,-2.0,0.0,-1.0,1.0,-1.0,0.0,2.0,-1.0,0.0,2.0,-1.0,-3.0,-2.0,-1.0,1.0,-1.0
2020-02-16,NA,0.0,0.0,1.0,0.0,-1.0,1.0,-1.0,2.0,-2.0,2.0,2.0,-1.0,1.0,2.0,-3.0,-3.0,-2.0,5.0,2.0,-1.0
2020-02-17,3.0,-2.0,1.0,-1.0,1.0,0.0,1.0,4.0,1.0,0.0,1.0,2.0,-2.0,1.0,2.0,6.0,1.0,-1.0,6.0,1.0,5.0
2020-02-18,1.0,-1.0,1.0,-1.0,1.0,0.0,1.0,3.0,1.0,0.0,1.0,2.0,-2.0,0.0,2.0,0.0,1.0,0.0,5.0,2.0,1.0
2020-02-19,1.0,-1.0,1.0,-1.0,1.0,0.0,1.0,2.0,1.0,0.0,0.0,2.0,-1.0,1.0,1.0,0.0,0.0,-1.0,4.0,1.0,0.0
2020-02-20,1.0,-2.0,1.0,-2.0,1.0,0.0,1.0,3.0,1.0,0.0,0.0,1.0,-1.0,0.0,2.0,1.0,0.0,-1.0,1.0,1.0,1.0
2020-02-21,3.0,-3.0,2.0,-1.0,2.0,0.0,1.0,3.0,1.0,-1.0,1.0,2.0,-1.0,1.0,2.0,1.0,0.0,-2.0,5.0,2.0,0.0
2020-02-22,0.0,-1.0,1.0,0.0,0.0,-3.0,1.0,-1.0,0.0,-1.0,2.0,1.0,0.0,0.0,2.0,-2.0,-4.0,-2.0,3.0,2.0,-1.0
2020-02-23,NA,0.0,0.0,1.0,1.0,0.0,0.0,-1.0,1.0,0.0,0.0,1.0,-1.0,1.0,2.0,-2.0,-3.0,-3.0,2.0,2.0,-1.0
2020-02-24,1.0,-1.0,1.0,8.0,2.0,0.0,0.0,3.0,1.0,4.0,14.0,2.0,-1.0,1.0,2.0,-2.0,1.0,0.0,4.0,2.0,0.0
2020-02-25,1.0,-1.0,1.0,10.0,1.0,0.0,1.0,4.0,3.0,5.0,1.0,1.0,-1.0,11.0,1.0,-3.0,1.0,1.0,2.0,2.0,0.0
2020-02-26,2.0,-1.0,1.0,6.0,2.0,0.0,1.0,3.0,0.0,6.0,1.0,1.0,-1.0,0.0,2.0,-2.0,4.0,0.0,2.0,2.0,-1.0
2020-02-27,1.0,-1.0,1.0,1.0,2.0,0.0,0.0,4.0,0.0,6.0,1.0,1.0,-1.0,0.0,1.0,-1.0,2.0,-2.0,-3.0,2.0,0.0
2020-02-28,0.0,-3.0,0.0,1.0,1.0,0.0,-1.0,4.0,1.0,5.0,2.0,1.0,-2.0,0.0,2.0,0.0,1.0,0.0,12.0,2.0,-1.0
2020-02-29,-1.0,-1.0,0.0,3.0,0.0,0.0,0.0,1.0,0.0,3.0,4.0,0.0,-1.0,0.0,1.0,-2.0,0.0,-1.0,3.0,1.0,-2.0
2020-03-01,NA,0.0,0.0,5.0,2.0,-1.0,0.0,0.0,1.0,4.0,4.0,0.0,-1.0,1.0,1.0,-2.0,2.0,-2.0,1.0,1.0,-1.0
2020-03-02,0.0,0.0,1.0,0.0,0.0,0.0,0.0,3.0,0.0,5.0,4.0,1.0,-2.0,0.0,1.0,-3.0,0.0,1.0,2.0,2.0,-1.0
2020-03-03,1.0,-1.0,1.0,-1.0,0.0,1.0,0.0,2.0,0.0,4.0,4.0,1.0,-2.0,0.0,1.0,-2.0,1.0,0.0,2.0,3.0,-1.0
2020-03-04,0.0,-1.0,1.0,-1.0,0.0,0.0,0.0,2.0,1.0,4.0,5.0,2.0,-1.0,1.0,1.0,-1.0,0.0,0.0,2.0,3.0,-1.0
2020-03-05,2.0,0.0,0.0,-2.0,0.0,0.0,0.0,3.0,0.0,7.0,4.0,2.0,-1.0,0.0,1.0,-2.0,-1.0,0.0,0.0,3.0,-1.0
2020-03-06,0.0,-2.0,2.0,-2.0,0.0,1.0,0.0,3.0,1.0,8.0,5.0,1.0,-1.0,1.0,2.0,-1.0,1.0,0.0,1.0,4.0,-1.0
2020-03-07,0.0,0.0,-1.0,0.0,3.0,0.0,-1.0,1.0,0.0,6.0,5.0,1.0,0.0,1.0,2.0,-1.0,0.0,-1.0,2.0,3.0,-1.0
2020-03-08,NA,0.0,-1.0,1.0,5.0,-1.0,0.0,1.0,1.0,6.0,6.0,1.0,0.0,1.0,2.0,-2.0,-2.0,-2.0,2.0,2.0,-1.0
2020-03-09,1.0,4.0,1.0,-2.0,0.0,1.0,1.0,2.0,1.0,11.0,4.0,1.0,7.0,1.0,5.0,-2.0,1.0,-1.0,2.0,4.0,0.0
2020-03-10,1.0,-1.0,1.0,-2.0,-2.0,1.0,2.0,2.0,1.0,16.0,6.0,1.0,-2.0,3.0,5.0,-1.0,1.0,0.0,4.0,4.0,1.0
2020-03-11,0.0,-1.0,1.0,-1.0,0.0,5.0,2.0,1.0,1.0,19.0,3.0,2.0,-1.0,4.0,5.0,-2.0,1.0,1.0,1.0,4.0,0.0
2020-03-12,1.0,-1.0,1.0,-2.0,-1.0,5.0,12.0,1.0,1.0,24.0,3.0,2.0,-2.0,5.0,7.0,-2.0,2.0,3.0,-2.0,4.0,1.0
2020-03-13,0.0,-1.0,2.0,-2.0,-1.0,8.0,16.0,3.0,1.0,28.0,5.0,1.0,-1.0,7.0,6.0,1.0,11.0,8.0,3.0,5.0,3.0
2020-03-14,4.0,2.0,1.0,1.0,3.0,5.0,8.0,5.0,1.0,25.0,7.0,2.0,-1.0,6.0,5.0,2.0,11.0,14.0,6.0,3.0,3.0
2020-03-15,NA,2.0,0.0,3.0,6.0,4.0,8.0,3.0,3.0,22.0,3.0,2.0,-1.0,11.0,7.0,3.0,8.0,17.0,2.0,4.0,3.0
2020-03-16,9.0,1.0,1.0,1.0,7.0,15.0,17.0,13.0,5.0,27.0,4.0,2.0,13.0,15.0,9.0,8.0,20.0,23.0,2.0,5.0,8.0
2020-03-17,11.0,3.0,10.0,4.0,11.0,18.0,18.0,24.0,6.0,29.0,4.0,1.0,2.0,24.0,11.0,10.0,22.0,25.0,2.0,6.0,11.0
2020-03-18,10.0,5.0,3.0,7.0,14.0,19.0,20.0,29.0,8.0,30.0,3.0,23.0,6.0,28.0,13.0,13.0,23.0,26.0,2.0,7.0,13.0
2020-03-19,12.0,5.0,5.0,10.0,19.0,20.0,19.0,32.0,9.0,31.0,2.0,30.0,7.0,30.0,16.0,15.0,23.0,31.0,0.0,8.0,15.0
2020-03-20,13.0,6.0,7.0,13.0,23.0,22.0,21.0,36.0,10.0,32.0,17.0,35.0,9.0,33.0,14.0,17.0,26.0,32.0,2.0,9.0,16.0
2020-03-21,NA,7.0,8.0,16.0,22.0,15.0,11.0,24.0,9.0,26.0,3.0,32.0,9.0,27.0,14.0,11.0,16.0,26.0,3.0,8.0,12.0
2020-03-22,NA,6.0,7.0,17.0,22.0,12.0,9.0,18.0,10.0,24.0,3.0,31.0,8.0,24.0,18.0,14.0,15.0,22.0,3.0,9.0,11.0
2020-03-23,14.0,8.0,10.0,20.0,24.0,21.0,19.0,32.0,13.0,32.0,3.0,38.0,12.0,33.0,21.0,21.0,26.0,28.0,3.0,11.0,17.0
2020-03-24,17.0,12.0,10.0,22.0,25.0,21.0,19.0,34.0,13.0,32.0,4.0,37.0,14.0,33.0,22.0,24.0,28.0,29.0,3.0,12.0,19.0
2020-03-25,14.0,14.0,13.0,23.0,26.0,21.0,19.0,32.0,21.0,34.0,2.0,37.0,16.0,34.0,21.0,24.0,28.0,30.0,2.0,12.0,19.0
2020-03-26,17.0,16.0,27.0,22.0,25.0,22.0,19.0,34.0,15.0,35.0,3.0,38.0,16.0,34.0,26.0,25.0,29.0,30.0,-1.0,15.0,20.0
2020-03-27,17.0,17.0,19.0,23.0,31.0,22.0,19.0,37.0,16.0,36.0,6.0,39.0,17.0,37.0,21.0,26.0,29.0,33.0,3.0,17.0,21.0
2020-03-28,NA,15.0,24.0,19.0,25.0,11.0,10.0,25.0,15.0,27.0,7.0,35.0,12.0,30.0,19.0,17.0,15.0,26.0,7.0,16.0,15.0
2020-03-29,NA,13.0,24.0,17.0,24.0,11.0,9.0,18.0,15.0,24.0,7.0,31.0,11.0,26.0,23.0,15.0,13.0,22.0,4.0,16.0,12.0
2020-03-30,23.0,16.0,24.0,20.0,26.0,20.0,18.0,33.0,16.0,32.0,5.0,37.0,15.0,35.0,22.0,22.0,28.0,31.0,4.0,16.0,19.0
2020-03-31,22.0,18.0,23.0,19.0,25.0,21.0,17.0,33.0,15.0,33.0,5.0,36.0,16.0,35.0,22.0,22.0,27.0,32.0,3.0,15.0,20.0
2020-04-01,16.0,19.0,23.0,20.0,26.0,20.0,19.0,31.0,15.0,33.0,7.0,36.0,18.0,35.0,22.0,23.0,26.0,33.0,1.0,16.0,20.0
2020-04-02,NA,20.0,25.0,20.0,27.0,20.0,20.0,33.0,16.0,34.0,6.0,39.0,19.0,36.0,26.0,24.0,25.0,33.0,11.0,17.0,21.0
2020-04-03,NA,20.0,17.0,20.0,29.0,22.0,19.0,37.0,17.0,35.0,7.0,40.0,21.0,39.0,21.0,24.0,28.0,36.0,16.0,19.0,22.0
2020-04-04,NA,17.0,22.0,16.0,23.0,11.0,10.0,24.0,15.0,27.0,8.0,36.0,16.0,31.0,20.0,19.0,16.0,26.0,7.0,17.0,15.0
2020-04-05,NA,14.0,22.0,15.0,20.0,7.0,7.0,17.0,14.0,24.0,8.0,31.0,13.0,26.0,23.0,22.0,13.0,23.0,6.0,17.0,13.0
2020-04-06,NA,17.0,24.0,18.0,24.0,18.0,16.0,31.0,16.0,31.0,7.0,37.0,19.0,35.0,22.0,20.0,23.0,31.0,5.0,23.0,20.0
2020-04-07,NA,19.0,25.0,17.0,23.0,17.0,16.0,32.0,15.0,31.0,8.0,36.0,20.0,35.0,29.0,22.0,23.0,31.0,4.0,17.0,21.0
2020-04-08,NA,19.0,26.0,18.0,24.0,16.0,15.0,30.0,15.0,31.0,9.0,37.0,20.0,34.0,29.0,21.0,23.0,30.0,3.0,18.0,21.0
2020-04-09,NA,18.0,28.0,16.0,23.0,14.0,22.0,32.0,15.0,32.0,10.0,38.0,23.0,38.0,32.0,21.0,22.0,36.0,0.0,18.0,22.0
2020-04-10,NA,33.0,21.0,27.0,38.0,27.0,24.0,36.0,24.0,33.0,12.0,40.0,30.0,43.0,24.0,19.0,26.0,42.0,3.0,20.0,24.0
2020-04-11,NA,18.0,25.0,16.0,26.0,7.0,8.0,23.0,17.0,26.0,12.0,35.0,20.0,32.0,25.0,26.0,15.0,26.0,6.0,17.0,14.0
2020-04-12,NA,15.0,24.0,13.0,21.0,5.0,6.0,17.0,15.0,25.0,12.0,31.0,13.0,26.0,28.0,21.0,11.0,23.0,7.0,17.0,13.0
2020-04-13,NA,27.0,26.0,17.0,24.0,30.0,24.0,38.0,17.0,40.0,13.0,36.0,20.0,35.0,28.0,17.0,33.0,32.0,4.0,20.0,21.0
2020-04-14,NA,19.0,27.0,18.0,23.0,18.0,16.0,31.0,16.0,30.0,12.0,36.0,21.0,35.0,29.0,21.0,25.0,29.0,3.0,19.0,20.0
2020-04-15,NA,20.0,26.0,18.0,24.0,17.0,17.0,29.0,17.0,30.0,11.0,38.0,21.0,35.0,30.0,19.0,22.0,30.0,3.0,19.0,20.0
2020-04-16,NA,20.0,27.0,18.0,25.0,15.0,16.0,31.0,17.0,31.0,12.0,39.0,22.0,36.0,33.0,18.0,21.0,30.0,0.0,19.0,21.0
2020-04-17,NA,20.0,20.0,19.0,28.0,16.0,15.0,35.0,18.0,32.0,14.0,40.0,24.0,39.0,24.0,23.0,23.0,33.0,3.0,21.0,22.0
2020-04-18,NA,16.0,25.0,15.0,21.0,5.0,7.0,23.0,15.0,25.0,16.0,36.0,17.0,30.0,25.0,26.0,11.0,25.0,4.0,17.0,14.0
2020-04-19,NA,14.0,24.0,14.0,20.0,7.0,5.0,17.0,14.0,23.0,11.0,31.0,13.0,26.0,28.0,21.0,10.0,22.0,4.0,16.0,11.0
2020-04-20,NA,17.0,25.0,17.0,22.0,15.0,13.0,30.0,16.0,29.0,14.0,36.0,20.0,35.0,28.0,35.0,21.0,28.0,3.0,17.0,19.0
2020-04-21,NA,18.0,25.0,23.0,22.0,15.0,13.0,31.0,16.0,29.0,14.0,35.0,21.0,35.0,28.0,15.0,20.0,29.0,4.0,17.0,20.0
2020-04-22,NA,18.0,25.0,17.0,22.0,14.0,12.0,28.0,15.0,30.0,14.0,36.0,22.0,35.0,28.0,17.0,19.0,29.0,4.0,17.0,20.0
2020-04-23,NA,19.0,26.0,18.0,24.0,14.0,12.0,30.0,15.0,30.0,15.0,36.0,23.0,36.0,31.0,17.0,18.0,30.0,1.0,17.0,21.0
2020-04-24,NA,18.0,18.0,18.0,26.0,14.0,13.0,33.0,22.0,29.0,16.0,40.0,24.0,38.0,25.0,14.0,20.0,32.0,5.0,19.0,21.0
2020-04-25,NA,17.0,26.0,15.0,21.0,6.0,6.0,22.0,19.0,28.0,14.0,35.0,18.0,31.0,27.0,25.0,9.0,25.0,5.0,17.0,12.0
2020-04-26,NA,13.0,25.0,14.0,19.0,3.0,5.0,16.0,18.0,22.0,12.0,31.0,14.0,27.0,29.0,20.0,8.0,21.0,6.0,15.0,11.0
2020-04-27,31.0,17.0,25.0,17.0,23.0,12.0,13.0,28.0,19.0,26.0,15.0,36.0,22.0,35.0,27.0,12.0,28.0,27.0,4.0,17.0,18.0
2020-04-28,27.0,16.0,24.0,13.0,16.0,11.0,11.0,28.0,18.0,26.0,14.0,34.0,17.0,35.0,26.0,13.0,16.0,26.0,2.0,15.0,12.0
2020-04-29,29.0,11.0,24.0,17.0,22.0,14.0,14.0,27.0,18.0,27.0,22.0,34.0,22.0,34.0,26.0,14.0,21.0,28.0,0.0,15.0,19.0
2020-04-30,29.0,18.0,26.0,14.0,19.0,9.0,14.0,28.0,18.0,26.0,16.0,35.0,20.0,34.0,29.0,10.0,14.0,27.0,-2.0,14.0,19.0
2020-05-01,29.0,18.0,19.0,25.0,36.0,24.0,16.0,42.0,25.0,41.0,19.0,41.0,28.0,39.0,21.0,37.0,31.0,40.0,9.0,23.0,18.0
2020-05-02,NA,13.0,23.0,15.0,20.0,6.0,7.0,21.0,18.0,23.0,15.0,33.0,18.0,30.0,21.0,14.0,11.0,21.0,4.0,15.0,10.0
2020-05-03,NA,11.0,22.0,13.0,19.0,4.0,4.0,16.0,17.0,21.0,12.0,29.0,13.0,26.0,25.0,9.0,3.0,18.0,2.0,13.0,8.0
2020-05-04,NA,17.0,22.0,15.0,20.0,12.0,11.0,26.0,18.0,18.0,29.0,29.0,21.0,33.0,25.0,12.0,12.0,23.0,3.0,19.0,16.0
2020-05-05,28.0,16.0,22.0,16.0,20.0,12.0,11.0,27.0,18.0,19.0,29.0,28.0,22.0,33.0,25.0,13.0,15.0,23.0,2.0,13.0,17.0
2020-05-06,29.0,16.0,22.0,16.0,22.0,12.0,11.0,24.0,18.0,20.0,30.0,27.0,22.0,33.0,25.0,15.0,13.0,24.0,2.0,21.0,17.0
2020-05-07,31.0,16.0,22.0,16.0,22.0,8.0,7.0,25.0,24.0,20.0,14.0,32.0,23.0,33.0,28.0,9.0,12.0,24.0,-1.0,14.0,17.0
2020-05-08,28.0,16.0,16.0,16.0,24.0,20.0,19.0,38.0,19.0,21.0,16.0,28.0,24.0,36.0,21.0,9.0,13.0,27.0,2.0,16.0,18.0
2020-05-09,NA,12.0,20.0,13.0,22.0,0.0,3.0,19.0,17.0,15.0,13.0,25.0,17.0,28.0,21.0,1.0,2.0,21.0,2.0,13.0,9.0
2020-05-10,NA,9.0,19.0,10.0,18.0,-1.0,2.0,15.0,16.0,13.0,12.0,21.0,11.0,24.0,24.0,-1.0,2.0,19.0,1.0,12.0,7.0
2020-05-11,27.0,14.0,19.0,16.0,24.0,11.0,11.0,19.0,18.0,19.0,12.0,27.0,21.0,33.0,24.0,5.0,13.0,20.0,3.0,17.0,16.0
2020-05-12,26.0,15.0,19.0,16.0,24.0,10.0,11.0,18.0,18.0,19.0,13.0,23.0,21.0,33.0,24.0,7.0,16.0,21.0,3.0,13.0,16.0
2020-05-13,26.0,15.0,20.0,17.0,25.0,10.0,11.0,17.0,17.0,19.0,13.0,23.0,22.0,33.0,25.0,5.0,13.0,21.0,2.0,13.0,16.0
2020-05-14,25.0,15.0,20.0,16.0,23.0,9.0,9.0,17.0,17.0,18.0,12.0,22.0,22.0,32.0,28.0,5.0,11.0,22.0,-2.0,13.0,17.0
2020-05-15,26.0,15.0,15.0,18.0,27.0,10.0,10.0,19.0,16.0,20.0,15.0,22.0,23.0,35.0,21.0,5.0,13.0,25.0,1.0,13.0,16.0
2020-05-16,NA,9.0,18.0,15.0,25.0,0.0,6.0,9.0,15.0,15.0,14.0,21.0,16.0,26.0,21.0,0.0,4.0,17.0,4.0,12.0,9.0
2020-05-17,NA,8.0,18.0,14.0,23.0,-1.0,5.0,5.0,15.0,12.0,9.0,20.0,13.0,23.0,25.0,0.0,3.0,14.0,3.0,10.0,8.0
2020-05-18,23.0,13.0,19.0,16.0,27.0,7.0,9.0,16.0,17.0,14.0,13.0,20.0,20.0,29.0,25.0,4.0,8.0,17.0,4.0,12.0,15.0
2020-05-19,27.0,14.0,18.0,16.0,26.0,7.0,8.0,16.0,16.0,15.0,14.0,19.0,21.0,29.0,25.0,NA,11.0,18.0,5.0,12.0,15.0
2020-05-20,24.0,15.0,18.0,17.0,26.0,7.0,4.0,12.0,16.0,15.0,12.0,20.0,21.0,30.0,25.0,NA,9.0,18.0,3.0,12.0,15.0
2020-05-21,26.0,15.0,19.0,17.0,36.0,7.0,16.0,22.0,20.0,15.0,12.0,21.0,22.0,30.0,27.0,NA,7.0,19.0,1.0,13.0,15.0
2020-05-22,22.0,14.0,12.0,17.0,31.0,7.0,14.0,20.0,19.0,14.0,13.0,21.0,22.0,32.0,17.0,NA,7.0,20.0,7.0,14.0,15.0
2020-05-23,NA,10.0,19.0,15.0,25.0,5.0,3.0,10.0,16.0,8.0,11.0,19.0,16.0,25.0,30.0,NA,-1.0,13.0,6.0,11.0,7.0
2020-05-24,NA,9.0,20.0,14.0,23.0,1.0,2.0,3.0,8.0,5.0,8.0,15.0,13.0,23.0,35.0,NA,-1.0,11.0,2.0,10.0,5.0
2020-05-25,22.0,12.0,18.0,18.0,27.0,8.0,7.0,15.0,19.0,12.0,10.0,28.0,20.0,32.0,34.0,NA,7.0,15.0,3.0,12.0,20.0
2020-05-26,23.0,12.0,19.0,16.0,26.0,7.0,6.0,15.0,16.0,12.0,11.0,27.0,20.0,28.0,34.0,NA,7.0,15.0,3.0,12.0,14.0
2020-05-27,22.0,13.0,18.0,16.0,27.0,5.0,7.0,13.0,16.0,12.0,10.0,21.0,21.0,28.0,33.0,NA,6.0,15.0,4.0,12.0,14.0
2020-05-28,22.0,13.0,18.0,16.0,28.0,8.0,6.0,14.0,16.0,13.0,10.0,21.0,21.0,29.0,26.0,NA,7.0,15.0,1.0,12.0,14.0
2020-05-29,22.0,12.0,13.0,16.0,31.0,5.0,3.0,15.0,17.0,13.0,11.0,22.0,22.0,31.0,19.0,NA,6.0,16.0,3.0,13.0,14.0
2020-05-30,NA,8.0,15.0,12.0,23.0,-1.0,-1.0,5.0,14.0,7.0,8.0,19.0,14.0,23.0,19.0,NA,0.0,8.0,2.0,10.0,6.0
2020-05-31,NA,8.0,13.0,12.0,21.0,1.0,-1.0,2.0,12.0,5.0,7.0,17.0,12.0,21.0,15.0,NA,0.0,7.0,1.0,8.0,5.0
2020-06-01,NA,12.0,14.0,14.0,25.0,5.0,13.0,20.0,20.0,11.0,8.0,18.0,18.0,25.0,15.0,NA,4.0,14.0,2.0,10.0,12.0
2020-06-02,20.0,12.0,14.0,15.0,26.0,5.0,3.0,11.0,13.0,16.0,8.0,17.0,19.0,25.0,15.0,NA,4.0,13.0,2.0,10.0,13.0
2020-06-03,18.0,12.0,14.0,16.0,27.0,4.0,5.0,11.0,14.0,10.0,8.0,17.0,19.0,25.0,16.0,NA,3.0,14.0,2.0,18.0,13.0
2020-06-04,20.0,11.0,16.0,15.0,28.0,5.0,4.0,13.0,14.0,12.0,8.0,18.0,20.0,26.0,19.0,NA,5.0,14.0,-1.0,11.0,13.0
2020-06-05,19.0,10.0,12.0,15.0,30.0,6.0,15.0,13.0,15.0,11.0,9.0,18.0,21.0,27.0,16.0,NA,5.0,13.0,1.0,12.0,13.0
2020-06-06,NA,6.0,14.0,12.0,24.0,-1.0,3.0,4.0,13.0,4.0,7.0,16.0,14.0,21.0,15.0,NA,-2.0,7.0,2.0,9.0,5.0
2020-06-07,NA,5.0,13.0,12.0,22.0,-1.0,1.0,0.0,11.0,4.0,5.0,14.0,11.0,20.0,17.0,NA,-2.0,8.0,3.0,7.0,4.0
2020-06-08,18.0,14.0,14.0,14.0,26.0,6.0,5.0,11.0,13.0,10.0,7.0,24.0,18.0,24.0,17.0,NA,6.0,12.0,4.0,10.0,11.0
2020-06-09,20.0,10.0,14.0,14.0,26.0,5.0,4.0,11.0,13.0,9.0,8.0,14.0,18.0,24.0,17.0,NA,4.0,12.0,2.0,10.0,12.0
2020-06-10,21.0,11.0,14.0,13.0,27.0,6.0,5.0,10.0,13.0,10.0,7.0,13.0,18.0,25.0,17.0,NA,3.0,11.0,1.0,10.0,12.0
2020-06-11,20.0,11.0,16.0,20.0,28.0,4.0,5.0,11.0,14.0,9.0,9.0,13.0,19.0,24.0,20.0,NA,2.0,13.0,-2.0,10.0,12.0
2020-06-12,18.0,10.0,13.0,15.0,31.0,1.0,4.0,12.0,14.0,7.0,9.0,13.0,19.0,31.0,16.0,NA,0.0,12.0,1.0,11.0,11.0
2020-06-13,NA,7.0,15.0,12.0,25.0,-4.0,0.0,4.0,12.0,2.0,9.0,10.0,13.0,21.0,15.0,NA,-6.0,5.0,1.0,8.0,4.0
2020-06-14,NA,7.0,13.0,12.0,22.0,-3.0,-1.0,1.0,10.0,0.0,6.0,8.0,11.0,19.0,17.0,NA,-3.0,4.0,2.0,7.0,3.0
2020-06-15,17.0,9.0,14.0,14.0,27.0,3.0,3.0,10.0,13.0,7.0,6.0,11.0,16.0,23.0,17.0,NA,4.0,10.0,2.0,9.0,11.0
2020-06-16,18.0,10.0,14.0,14.0,27.0,3.0,2.0,10.0,12.0,8.0,7.0,10.0,17.0,23.0,17.0,NA,2.0,11.0,2.0,10.0,11.0
2020-06-17,17.0,10.0,17.0,15.0,29.0,2.0,3.0,9.0,12.0,8.0,6.0,11.0,18.0,24.0,17.0,NA,2.0,10.0,1.0,10.0,11.0
2020-06-18,20.0,10.0,16.0,14.0,28.0,4.0,2.0,9.0,12.0,7.0,7.0,12.0,18.0,24.0,20.0,NA,1.0,10.0,-2.0,9.0,11.0
2020-06-19,18.0,9.0,13.0,14.0,30.0,4.0,3.0,9.0,13.0,6.0,9.0,12.0,17.0,27.0,16.0,NA,0.0,9.0,2.0,10.0,9.0
2020-06-20,NA,6.0,14.0,11.0,25.0,0.0,0.0,1.0,10.0,-1.0,4.0,9.0,12.0,19.0,14.0,NA,-4.0,2.0,-4.0,6.0,3.0
2020-06-21,NA,6.0,14.0,11.0,22.0,-2.0,-1.0,-2.0,10.0,-3.0,4.0,7.0,8.0,18.0,13.0,NA,-2.0,0.0,2.0,6.0,2.0
2020-06-22,18.0,9.0,15.0,14.0,28.0,3.0,3.0,7.0,13.0,5.0,7.0,9.0,17.0,23.0,12.0,NA,0.0,7.0,2.0,8.0,11.0
2020-06-23,19.0,10.0,14.0,14.0,28.0,2.0,0.0,7.0,12.0,5.0,6.0,10.0,17.0,24.0,13.0,NA,0.0,5.0,2.0,8.0,11.0
2020-06-24,17.0,10.0,14.0,15.0,28.0,3.0,2.0,6.0,12.0,5.0,6.0,10.0,18.0,24.0,13.0,NA,-4.0,10.0,-1.0,8.0,11.0
2020-06-25,18.0,9.0,15.0,14.0,29.0,1.0,1.0,6.0,12.0,5.0,6.0,11.0,18.0,24.0,15.0,NA,16.0,7.0,8.0,8.0,11.0
2020-06-26,17.0,9.0,12.0,15.0,31.0,1.0,0.0,7.0,13.0,4.0,7.0,10.0,19.0,25.0,12.0,NA,6.0,6.0,12.0,9.0,11.0
2020-06-27,NA,6.0,14.0,14.0,25.0,-6.0,-4.0,1.0,10.0,-2.0,5.0,8.0,12.0,20.0,9.0,NA,-6.0,0.0,1.0,6.0,4.0
2020-06-28,NA,6.0,13.0,13.0,23.0,-7.0,-1.0,-1.0,9.0,-5.0,5.0,6.0,10.0,18.0,11.0,NA,-8.0,-2.0,1.0,4.0,3.0
2020-06-29,15.0,9.0,13.0,14.0,37.0,4.0,4.0,7.0,12.0,4.0,6.0,9.0,16.0,22.0,11.0,NA,3.0,6.0,2.0,7.0,10.0
2020-06-30,16.0,10.0,13.0,13.0,26.0,1.0,4.0,6.0,11.0,4.0,7.0,8.0,15.0,22.0,10.0,NA,1.0,6.0,2.0,6.0,11.0
2020-07-01,16.0,10.0,14.0,13.0,28.0,0.0,3.0,5.0,11.0,4.0,6.0,9.0,16.0,23.0,11.0,NA,1.0,6.0,2.0,5.0,10.0
2020-07-02,18.0,10.0,14.0,14.0,28.0,2.0,3.0,6.0,12.0,4.0,5.0,9.0,16.0,23.0,14.0,NA,1.0,6.0,0.0,5.0,10.0
2020-07-03,17.0,9.0,11.0,14.0,30.0,1.0,3.0,6.0,12.0,4.0,7.0,9.0,17.0,25.0,11.0,4.0,2.0,4.0,2.0,5.0,14.0
2020-07-04,NA,6.0,13.0,11.0,27.0,-8.0,-1.0,0.0,9.0,-2.0,7.0,7.0,12.0,20.0,9.0,-1.0,-5.0,-1.0,1.0,4.0,5.0
2020-07-05,NA,5.0,12.0,11.0,22.0,-7.0,0.0,-2.0,8.0,-6.0,5.0,5.0,9.0,18.0,11.0,-2.0,-7.0,-3.0,2.0,2.0,3.0
2020-07-06,16.0,10.0,13.0,13.0,26.0,12.0,6.0,6.0,12.0,3.0,7.0,8.0,15.0,23.0,11.0,2.0,1.0,5.0,2.0,11.0,11.0
2020-07-07,19.0,10.0,12.0,13.0,26.0,2.0,5.0,5.0,11.0,3.0,7.0,8.0,16.0,23.0,11.0,4.0,1.0,5.0,2.0,9.0,11.0
2020-07-08,17.0,10.0,12.0,13.0,27.0,3.0,4.0,4.0,11.0,3.0,6.0,8.0,16.0,23.0,11.0,3.0,0.0,5.0,2.0,4.0,11.0
2020-07-09,18.0,11.0,14.0,13.0,28.0,2.0,4.0,5.0,12.0,3.0,7.0,9.0,17.0,23.0,13.0,3.0,1.0,5.0,-1.0,5.0,11.0
2020-07-10,17.0,11.0,10.0,13.0,30.0,0.0,5.0,5.0,12.0,2.0,7.0,8.0,17.0,25.0,11.0,4.0,0.0,4.0,2.0,6.0,11.0
2020-07-11,NA,8.0,13.0,10.0,24.0,-3.0,-3.0,-3.0,9.0,-2.0,7.0,7.0,12.0,19.0,9.0,0.0,0.0,-1.0,1.0,6.0,4.0
2020-07-12,NA,6.0,12.0,10.0,22.0,-6.0,-2.0,-4.0,9.0,-6.0,5.0,5.0,9.0,18.0,11.0,0.0,-5.0,-3.0,0.0,5.0,3.0
2020-07-13,17.0,10.0,12.0,13.0,26.0,1.0,6.0,7.0,12.0,2.0,6.0,8.0,15.0,24.0,11.0,3.0,1.0,4.0,2.0,5.0,10.0
2020-07-14,18.0,11.0,12.0,13.0,26.0,0.0,7.0,16.0,12.0,2.0,7.0,7.0,15.0,23.0,11.0,3.0,1.0,5.0,2.0,5.0,11.0
2020-07-15,17.0,11.0,12.0,14.0,25.0,1.0,7.0,3.0,12.0,3.0,6.0,8.0,15.0,23.0,11.0,3.0,1.0,4.0,3.0,5.0,11.0
2020-07-16,18.0,11.0,12.0,14.0,35.0,3.0,6.0,6.0,12.0,2.0,6.0,9.0,15.0,23.0,13.0,4.0,2.0,5.0,0.0,6.0,11.0
2020-07-17,16.0,10.0,10.0,13.0,31.0,1.0,4.0,6.0,13.0,3.0,7.0,8.0,16.0,25.0,11.0,8.0,3.0,4.0,3.0,6.0,11.0
2020-07-18,NA,7.0,12.0,11.0,25.0,-5.0,-5.0,-2.0,10.0,-3.0,6.0,8.0,11.0,19.0,9.0,3.0,-3.0,-1.0,0.0,5.0,4.0
2020-07-19,NA,6.0,11.0,10.0,22.0,-6.0,-3.0,-4.0,9.0,-7.0,5.0,6.0,9.0,18.0,11.0,2.0,-6.0,-3.0,0.0,5.0,3.0
2020-07-20,16.0,9.0,13.0,12.0,26.0,2.0,6.0,6.0,12.0,2.0,5.0,8.0,15.0,23.0,11.0,3.0,0.0,4.0,3.0,5.0,10.0
2020-07-21,19.0,10.0,13.0,13.0,27.0,2.0,6.0,6.0,12.0,2.0,6.0,7.0,15.0,23.0,11.0,3.0,1.0,5.0,2.0,5.0,11.0
2020-07-22,19.0,10.0,12.0,13.0,26.0,0.0,6.0,4.0,12.0,2.0,4.0,9.0,16.0,23.0,11.0,3.0,4.0,5.0,2.0,5.0,11.0
2020-07-23,21.0,10.0,12.0,13.0,27.0,1.0,7.0,5.0,12.0,2.0,18.0,8.0,16.0,24.0,14.0,4.0,2.0,5.0,-1.0,5.0,11.0
2020-07-24,18.0,10.0,9.0,13.0,29.0,1.0,8.0,7.0,13.0,3.0,21.0,8.0,17.0,26.0,11.0,5.0,4.0,4.0,3.0,5.0,11.0
2020-07-25,NA,8.0,11.0,10.0,23.0,-8.0,-3.0,-1.0,10.0,-4.0,8.0,6.0,11.0,19.0,9.0,2.0,-3.0,-1.0,0.0,3.0,4.0
2020-07-26,NA,8.0,10.0,10.0,21.0,-6.0,0.0,-3.0,10.0,-7.0,6.0,6.0,10.0,18.0,11.0,-1.0,-6.0,-3.0,0.0,2.0,3.0
2020-07-27,18.0,10.0,11.0,12.0,25.0,2.0,7.0,7.0,12.0,1.0,6.0,7.0,16.0,23.0,9.0,3.0,1.0,4.0,3.0,11.0,10.0
2020-07-28,13.0,10.0,10.0,12.0,24.0,2.0,7.0,7.0,12.0,2.0,7.0,7.0,16.0,23.0,9.0,3.0,2.0,5.0,3.0,13.0,11.0
2020-07-29,NA,10.0,9.0,13.0,24.0,2.0,8.0,4.0,12.0,2.0,6.0,5.0,16.0,24.0,9.0,3.0,3.0,5.0,2.0,4.0,10.0
2020-07-30,18.0,10.0,8.0,13.0,26.0,1.0,7.0,6.0,9.0,2.0,6.0,5.0,15.0,23.0,21.0,3.0,2.0,4.0,-1.0,4.0,11.0
2020-07-31,13.0,9.0,4.0,12.0,28.0,1.0,3.0,7.0,18.0,1.0,7.0,13.0,16.0,29.0,8.0,4.0,2.0,4.0,3.0,5.0,10.0
2020-08-01,NA,7.0,14.0,10.0,22.0,-9.0,-5.0,-1.0,10.0,-4.0,5.0,6.0,10.0,21.0,12.0,-2.0,-6.0,-1.0,0.0,5.0,4.0
2020-08-02,NA,6.0,13.0,9.0,20.0,-6.0,-2.0,-3.0,7.0,-6.0,5.0,2.0,8.0,18.0,15.0,-5.0,-4.0,-2.0,0.0,5.0,3.0
2020-08-03,NA,10.0,10.0,11.0,24.0,6.0,4.0,8.0,11.0,3.0,6.0,6.0,14.0,21.0,14.0,2.0,5.0,4.0,6.0,5.0,10.0
2020-08-04,NA,11.0,10.0,12.0,24.0,6.0,4.0,7.0,11.0,3.0,6.0,6.0,14.0,26.0,12.0,3.0,6.0,5.0,4.0,5.0,11.0
2020-08-05,12.0,11.0,9.0,12.0,24.0,2.0,4.0,5.0,11.0,3.0,6.0,7.0,15.0,25.0,11.0,6.0,5.0,5.0,2.0,4.0,10.0
2020-08-06,14.0,12.0,10.0,11.0,25.0,2.0,3.0,6.0,11.0,2.0,6.0,7.0,15.0,26.0,13.0,3.0,3.0,5.0,-1.0,5.0,10.0
2020-08-07,15.0,12.0,5.0,10.0,26.0,0.0,1.0,8.0,11.0,2.0,7.0,6.0,15.0,28.0,9.0,3.0,2.0,5.0,1.0,5.0,10.0
2020-08-08,NA,10.0,7.0,7.0,21.0,-9.0,-5.0,-2.0,8.0,-4.0,5.0,6.0,10.0,21.0,8.0,-2.0,-6.0,-1.0,-1.0,4.0,3.0
2020-08-09,NA,9.0,7.0,6.0,19.0,-8.0,-4.0,-3.0,7.0,-7.0,4.0,5.0,8.0,21.0,9.0,-4.0,-8.0,-3.0,-1.0,3.0,2.0
2020-08-10,15.0,11.0,8.0,10.0,22.0,2.0,2.0,8.0,10.0,3.0,19.0,6.0,14.0,25.0,9.0,1.0,1.0,5.0,3.0,4.0,9.0
2020-08-11,16.0,11.0,11.0,11.0,22.0,1.0,1.0,9.0,11.0,3.0,11.0,6.0,14.0,25.0,9.0,1.0,3.0,6.0,4.0,2.0,10.0
2020-08-12,12.0,12.0,8.0,12.0,22.0,0.0,2.0,7.0,10.0,4.0,11.0,7.0,15.0,25.0,9.0,1.0,3.0,6.0,2.0,13.0,10.0
2020-08-13,15.0,11.0,9.0,11.0,22.0,0.0,1.0,9.0,11.0,4.0,15.0,7.0,14.0,26.0,11.0,1.0,2.0,5.0,-1.0,4.0,10.0
2020-08-14,13.0,12.0,6.0,11.0,24.0,1.0,0.0,9.0,11.0,4.0,18.0,7.0,14.0,27.0,9.0,2.0,3.0,5.0,2.0,5.0,10.0
2020-08-15,NA,9.0,11.0,9.0,20.0,-7.0,-4.0,0.0,7.0,-5.0,9.0,6.0,8.0,21.0,8.0,-2.0,-2.0,1.0,0.0,6.0,3.0
2020-08-16,NA,7.0,7.0,9.0,17.0,-8.0,-4.0,-3.0,7.0,-7.0,5.0,6.0,6.0,19.0,9.0,-5.0,-7.0,-3.0,-1.0,5.0,3.0
2020-08-17,14.0,10.0,8.0,11.0,20.0,2.0,1.0,8.0,16.0,4.0,7.0,6.0,13.0,25.0,9.0,0.0,2.0,5.0,2.0,4.0,9.0
2020-08-18,15.0,11.0,8.0,11.0,20.0,3.0,2.0,8.0,10.0,5.0,7.0,6.0,13.0,25.0,9.0,3.0,3.0,6.0,2.0,3.0,10.0
2020-08-19,12.0,12.0,8.0,11.0,21.0,1.0,2.0,7.0,9.0,4.0,7.0,5.0,14.0,23.0,9.0,1.0,2.0,6.0,3.0,3.0,10.0
2020-08-20,15.0,11.0,10.0,11.0,21.0,0.0,3.0,7.0,16.0,4.0,7.0,14.0,14.0,23.0,11.0,0.0,0.0,6.0,-1.0,4.0,10.0
2020-08-21,20.0,11.0,9.0,12.0,23.0,-1.0,2.0,9.0,14.0,5.0,8.0,8.0,14.0,29.0,9.0,1.0,1.0,7.0,3.0,4.0,9.0
2020-08-22,NA,9.0,10.0,10.0,19.0,-6.0,-2.0,-1.0,9.0,-4.0,6.0,6.0,8.0,20.0,8.0,-5.0,-6.0,1.0,2.0,5.0,3.0
2020-08-23,NA,8.0,8.0,10.0,18.0,-7.0,-1.0,-3.0,8.0,-6.0,5.0,4.0,7.0,18.0,9.0,-7.0,-4.0,-2.0,1.0,4.0,3.0
2020-08-24,12.0,10.0,9.0,11.0,20.0,2.0,2.0,7.0,11.0,4.0,6.0,6.0,14.0,22.0,9.0,0.0,2.0,6.0,3.0,3.0,10.0
2020-08-25,12.0,11.0,9.0,10.0,21.0,1.0,2.0,7.0,11.0,3.0,6.0,5.0,14.0,23.0,9.0,2.0,2.0,6.0,3.0,3.0,10.0
2020-08-26,12.0,11.0,9.0,10.0,20.0,1.0,3.0,5.0,11.0,3.0,6.0,6.0,14.0,23.0,9.0,0.0,1.0,6.0,4.0,3.0,10.0
2020-08-27,12.0,11.0,9.0,10.0,20.0,1.0,3.0,6.0,11.0,3.0,6.0,6.0,14.0,23.0,9.0,0.0,1.0,6.0,2.0,3.0,10.0
2020-08-28,10.0,10.0,8.0,9.0,22.0,0.0,2.0,8.0,11.0,4.0,7.0,5.0,14.0,24.0,8.0,-1.0,1.0,7.0,3.0,3.0,9.0
2020-08-29,NA,7.0,9.0,7.0,18.0,-4.0,-1.0,1.0,9.0,-1.0,5.0,3.0,8.0,18.0,8.0,-5.0,-4.0,3.0,1.0,3.0,4.0
2020-08-30,NA,6.0,12.0,7.0,17.0,-4.0,-2.0,0.0,7.0,-2.0,5.0,1.0,6.0,16.0,9.0,-7.0,0.0,-1.0,1.0,3.0,2.0
2020-08-31,9.0,10.0,8.0,9.0,19.0,4.0,1.0,6.0,11.0,5.0,6.0,11.0,12.0,26.0,8.0,-1.0,5.0,6.0,3.0,2.0,9.0
2020-09-01,11.0,10.0,10.0,9.0,19.0,4.0,0.0,5.0,11.0,3.0,6.0,5.0,13.0,21.0,8.0,0.0,2.0,6.0,2.0,3.0,9.0
2020-09-02,10.0,11.0,9.0,9.0,19.0,0.0,1.0,4.0,11.0,4.0,6.0,6.0,13.0,22.0,8.0,0.0,0.0,6.0,3.0,3.0,9.0
2020-09-03,12.0,10.0,9.0,9.0,20.0,-1.0,1.0,3.0,11.0,3.0,6.0,7.0,13.0,22.0,10.0,0.0,0.0,6.0,-1.0,1.0,8.0
2020-09-04,9.0,10.0,8.0,8.0,21.0,-3.0,0.0,3.0,12.0,2.0,7.0,7.0,14.0,24.0,8.0,0.0,-2.0,5.0,1.0,10.0,8.0
2020-09-05,NA,6.0,9.0,4.0,18.0,-5.0,-2.0,-1.0,9.0,-3.0,6.0,5.0,8.0,18.0,7.0,-4.0,-5.0,1.0,0.0,4.0,2.0
2020-09-06,NA,5.0,8.0,5.0,17.0,-4.0,-1.0,-1.0,8.0,-6.0,6.0,4.0,7.0,17.0,9.0,-5.0,-5.0,-1.0,0.0,1.0,1.0
2020-09-07,8.0,9.0,9.0,14.0,19.0,0.0,1.0,2.0,11.0,3.0,9.0,5.0,13.0,22.0,9.0,-1.0,1.0,5.0,1.0,9.0,16.0
2020-09-08,11.0,10.0,8.0,7.0,19.0,-1.0,2.0,2.0,11.0,2.0,5.0,5.0,13.0,22.0,9.0,-1.0,0.0,6.0,1.0,2.0,9.0
2020-09-09,7.0,10.0,9.0,9.0,19.0,-1.0,3.0,3.0,11.0,2.0,5.0,6.0,13.0,22.0,10.0,-2.0,-1.0,6.0,1.0,2.0,9.0
2020-09-10,9.0,9.0,9.0,8.0,20.0,-1.0,1.0,1.0,10.0,1.0,5.0,6.0,13.0,21.0,10.0,-2.0,-2.0,4.0,-3.0,1.0,9.0
2020-09-11,7.0,8.0,8.0,9.0,23.0,-3.0,1.0,1.0,10.0,1.0,6.0,6.0,13.0,23.0,7.0,-3.0,-4.0,6.0,0.0,1.0,8.0
2020-09-12,NA,6.0,9.0,6.0,19.0,-7.0,-2.0,-2.0,8.0,-5.0,5.0,5.0,7.0,17.0,6.0,-6.0,-8.0,0.0,0.0,1.0,3.0
2020-09-13,NA,5.0,8.0,6.0,18.0,-8.0,-2.0,-4.0,8.0,-6.0,3.0,4.0,5.0,15.0,9.0,-8.0,-9.0,-1.0,0.0,1.0,3.0
2020-09-14,4.0,7.0,9.0,9.0,18.0,-1.0,0.0,1.0,12.0,1.0,4.0,6.0,12.0,21.0,10.0,-3.0,-3.0,4.0,1.0,1.0,8.0
2020-09-15,6.0,8.0,9.0,10.0,18.0,-1.0,1.0,2.0,13.0,1.0,4.0,4.0,9.0,22.0,10.0,-2.0,-3.0,5.0,0.0,1.0,9.0
2020-09-16,5.0,9.0,10.0,10.0,17.0,-1.0,2.0,2.0,13.0,1.0,4.0,16.0,20.0,22.0,10.0,-2.0,-2.0,5.0,0.0,2.0,9.0
2020-09-17,8.0,9.0,10.0,9.0,19.0,0.0,1.0,2.0,13.0,2.0,4.0,7.0,13.0,22.0,11.0,-2.0,-1.0,5.0,-3.0,2.0,9.0
2020-09-18,7.0,8.0,9.0,9.0,34.0,-1.0,1.0,2.0,14.0,1.0,5.0,8.0,15.0,25.0,9.0,-1.0,-2.0,6.0,0.0,4.0,8.0
2020-09-19,NA,6.0,9.0,7.0,24.0,-4.0,-1.0,0.0,11.0,-3.0,2.0,6.0,8.0,18.0,7.0,-5.0,-5.0,3.0,-1.0,6.0,2.0
2020-09-20,NA,6.0,9.0,8.0,19.0,-5.0,-1.0,-1.0,12.0,-4.0,0.0,6.0,6.0,16.0,10.0,-5.0,-6.0,2.0,0.0,5.0,2.0
2020-09-21,6.0,8.0,10.0,10.0,19.0,1.0,3.0,3.0,14.0,2.0,14.0,7.0,13.0,22.0,10.0,-2.0,0.0,5.0,0.0,3.0,9.0
2020-09-22,7.0,9.0,11.0,11.0,20.0,1.0,3.0,3.0,14.0,4.0,16.0,7.0,14.0,22.0,8.0,-2.0,1.0,5.0,0.0,3.0,9.0
2020-09-23,5.0,10.0,11.0,10.0,21.0,2.0,4.0,4.0,14.0,4.0,5.0,7.0,14.0,23.0,14.0,-1.0,2.0,6.0,0.0,3.0,9.0
2020-09-24,8.0,9.0,11.0,10.0,21.0,2.0,4.0,4.0,14.0,4.0,6.0,8.0,14.0,23.0,13.0,-1.0,0.0,7.0,-2.0,3.0,9.0
2020-09-25,6.0,10.0,10.0,9.0,23.0,5.0,5.0,5.0,15.0,5.0,7.0,7.0,14.0,25.0,9.0,0.0,4.0,6.0,2.0,2.0,8.0
2020-09-26,7.0,7.0,11.0,7.0,20.0,3.0,1.0,3.0,12.0,1.0,5.0,6.0,8.0,19.0,7.0,-2.0,1.0,4.0,-5.0,2.0,2.0
2020-09-27,5.0,5.0,9.0,7.0,19.0,0.0,1.0,3.0,12.0,3.0,3.0,5.0,6.0,17.0,10.0,-2.0,0.0,3.0,3.0,2.0,2.0
2020-09-28,8.0,10.0,10.0,10.0,19.0,23.0,5.0,4.0,14.0,4.0,4.0,7.0,13.0,23.0,10.0,0.0,4.0,6.0,2.0,3.0,9.0
2020-09-29,7.0,10.0,10.0,9.0,19.0,3.0,4.0,4.0,14.0,3.0,4.0,7.0,14.0,23.0,10.0,0.0,2.0,6.0,0.0,3.0,9.0
2020-09-30,3.0,10.0,9.0,8.0,19.0,2.0,3.0,3.0,11.0,2.0,3.0,6.0,12.0,21.0,9.0,0.0,0.0,5.0,-3.0,0.0,8.0
2020-10-01,4.0,9.0,8.0,7.0,19.0,2.0,3.0,3.0,9.0,3.0,4.0,7.0,12.0,20.0,9.0,-1.0,0.0,5.0,4.0,0.0,8.0
2020-10-02,1.0,8.0,7.0,7.0,19.0,0.0,4.0,5.0,9.0,4.0,5.0,6.0,12.0,22.0,6.0,-3.0,1.0,6.0,10.0,0.0,8.0
2020-10-03,0.0,5.0,7.0,5.0,18.0,-2.0,1.0,3.0,7.0,2.0,4.0,7.0,6.0,16.0,5.0,-6.0,1.0,5.0,0.0,0.0,2.0
2020-10-04,-1.0,4.0,7.0,6.0,17.0,-2.0,1.0,2.0,6.0,1.0,3.0,6.0,4.0,14.0,7.0,-5.0,0.0,5.0,-1.0,-1.0,2.0
2020-10-05,1.0,13.0,7.0,7.0,17.0,4.0,3.0,3.0,8.0,3.0,4.0,7.0,11.0,19.0,7.0,-2.0,2.0,5.0,1.0,-1.0,8.0
2020-10-06,3.0,9.0,7.0,6.0,17.0,4.0,4.0,3.0,8.0,3.0,4.0,7.0,12.0,20.0,7.0,-2.0,1.0,5.0,0.0,0.0,8.0
2020-10-07,3.0,10.0,7.0,7.0,17.0,4.0,4.0,3.0,9.0,3.0,4.0,9.0,13.0,21.0,8.0,-1.0,3.0,5.0,0.0,0.0,8.0
2020-10-08,5.0,10.0,8.0,7.0,18.0,4.0,4.0,3.0,11.0,3.0,6.0,9.0,13.0,22.0,9.0,1.0,1.0,4.0,-5.0,3.0,9.0
2020-10-09,6.0,8.0,7.0,7.0,19.0,4.0,3.0,4.0,13.0,3.0,7.0,11.0,13.0,24.0,7.0,-2.0,0.0,5.0,10.0,3.0,8.0
2020-10-10,6.0,5.0,8.0,4.0,19.0,3.0,1.0,2.0,11.0,0.0,8.0,11.0,7.0,18.0,6.0,-4.0,-2.0,4.0,2.0,3.0,3.0
2020-10-11,3.0,5.0,8.0,5.0,17.0,2.0,0.0,2.0,9.0,4.0,3.0,10.0,5.0,17.0,9.0,-4.0,5.0,3.0,1.0,2.0,3.0
2020-10-12,6.0,7.0,9.0,12.0,30.0,8.0,6.0,4.0,12.0,5.0,4.0,10.0,13.0,22.0,9.0,1.0,4.0,14.0,1.0,3.0,10.0
2020-10-13,7.0,8.0,9.0,6.0,16.0,8.0,5.0,4.0,13.0,4.0,4.0,9.0,13.0,23.0,9.0,2.0,4.0,5.0,1.0,14.0,9.0
2020-10-14,6.0,8.0,9.0,9.0,18.0,13.0,6.0,5.0,12.0,5.0,4.0,15.0,13.0,24.0,10.0,-1.0,3.0,7.0,0.0,2.0,9.0
2020-10-15,8.0,8.0,9.0,8.0,18.0,12.0,7.0,4.0,13.0,7.0,4.0,15.0,13.0,23.0,11.0,1.0,6.0,6.0,-3.0,3.0,9.0
2020-10-16,9.0,7.0,7.0,8.0,18.0,14.0,7.0,5.0,14.0,6.0,5.0,16.0,13.0,24.0,8.0,0.0,5.0,6.0,1.0,4.0,9.0
2020-10-17,8.0,6.0,8.0,6.0,18.0,8.0,0.0,3.0,10.0,3.0,6.0,16.0,6.0,18.0,7.0,-1.0,7.0,6.0,0.0,6.0,3.0
2020-10-18,6.0,6.0,8.0,7.0,18.0,5.0,0.0,1.0,10.0,3.0,2.0,16.0,5.0,16.0,10.0,-2.0,5.0,5.0,0.0,5.0,3.0
2020-10-19,8.0,7.0,9.0,9.0,17.0,12.0,4.0,8.0,13.0,6.0,5.0,15.0,12.0,22.0,10.0,0.0,9.0,6.0,1.0,4.0,9.0
2020-10-20,8.0,7.0,8.0,8.0,16.0,12.0,4.0,8.0,12.0,6.0,4.0,14.0,13.0,24.0,10.0,-1.0,10.0,8.0,1.0,3.0,9.0
2020-10-21,6.0,7.0,8.0,9.0,17.0,12.0,5.0,7.0,11.0,6.0,3.0,14.0,13.0,22.0,10.0,-1.0,11.0,8.0,1.0,2.0,9.0
2020-10-22,7.0,7.0,10.0,8.0,17.0,14.0,4.0,8.0,9.0,7.0,4.0,17.0,13.0,21.0,11.0,-1.0,11.0,8.0,-2.0,-1.0,9.0
2020-10-23,6.0,9.0,12.0,8.0,18.0,15.0,4.0,10.0,9.0,8.0,6.0,17.0,13.0,22.0,7.0,-1.0,12.0,7.0,1.0,8.0,9.0
2020-10-24,5.0,7.0,9.0,6.0,17.0,7.0,2.0,4.0,6.0,6.0,3.0,15.0,7.0,16.0,7.0,-1.0,12.0,6.0,-1.0,0.0,3.0
2020-10-25,3.0,6.0,6.0,7.0,10.0,4.0,2.0,2.0,6.0,5.0,1.0,15.0,5.0,15.0,9.0,-1.0,7.0,6.0,0.0,-3.0,4.0
2020-10-26,8.0,7.0,12.0,8.0,17.0,14.0,5.0,9.0,8.0,9.0,3.0,15.0,12.0,21.0,9.0,0.0,14.0,7.0,1.0,-1.0,10.0
2020-10-27,9.0,8.0,7.0,8.0,17.0,13.0,5.0,10.0,7.0,9.0,4.0,14.0,13.0,19.0,8.0,-1.0,18.0,7.0,0.0,-1.0,10.0
2020-10-28,9.0,7.0,8.0,8.0,16.0,26.0,6.0,7.0,8.0,9.0,3.0,13.0,13.0,20.0,8.0,0.0,16.0,8.0,0.0,-1.0,10.0
2020-10-29,9.0,7.0,8.0,7.0,16.0,16.0,6.0,4.0,12.0,10.0,4.0,23.0,13.0,20.0,9.0,1.0,16.0,7.0,-3.0,1.0,10.0
2020-10-30,6.0,5.0,8.0,8.0,15.0,18.0,6.0,20.0,11.0,10.0,4.0,16.0,12.0,21.0,5.0,1.0,18.0,9.0,0.0,0.0,8.0
2020-10-31,2.0,4.0,8.0,5.0,16.0,8.0,3.0,16.0,7.0,7.0,2.0,14.0,6.0,15.0,5.0,0.0,13.0,9.0,-1.0,-3.0,3.0
2020-11-01,1.0,4.0,8.0,6.0,14.0,8.0,2.0,11.0,5.0,7.0,2.0,14.0,5.0,19.0,8.0,-2.0,10.0,8.0,0.0,-1.0,4.0
2020-11-02,23.0,6.0,8.0,15.0,15.0,14.0,6.0,13.0,7.0,10.0,5.0,15.0,15.0,26.0,8.0,1.0,15.0,13.0,1.0,-1.0,9.0
2020-11-03,3.0,8.0,8.0,6.0,15.0,15.0,5.0,14.0,7.0,11.0,17.0,14.0,12.0,19.0,8.0,1.0,15.0,8.0,1.0,0.0,9.0
2020-11-04,3.0,7.0,9.0,8.0,16.0,16.0,6.0,15.0,8.0,11.0,3.0,15.0,13.0,21.0,8.0,2.0,18.0,10.0,1.0,0.0,10.0
2020-11-05,3.0,7.0,9.0,7.0,16.0,15.0,6.0,14.0,8.0,11.0,4.0,15.0,13.0,21.0,9.0,3.0,17.0,10.0,-2.0,0.0,10.0
2020-11-06,3.0,5.0,7.0,6.0,16.0,15.0,6.0,17.0,8.0,15.0,5.0,17.0,14.0,22.0,5.0,2.0,17.0,10.0,1.0,1.0,9.0
2020-11-07,4.0,4.0,8.0,4.0,14.0,7.0,4.0,17.0,6.0,13.0,4.0,15.0,9.0,17.0,5.0,0.0,10.0,12.0,1.0,0.0,4.0
2020-11-08,2.0,4.0,8.0,5.0,13.0,7.0,2.0,13.0,6.0,12.0,3.0,13.0,6.0,14.0,8.0,0.0,9.0,9.0,1.0,0.0,4.0
2020-11-09,6.0,5.0,9.0,7.0,15.0,14.0,7.0,14.0,8.0,13.0,4.0,18.0,12.0,20.0,9.0,3.0,17.0,9.0,2.0,1.0,10.0
2020-11-10,32.0,6.0,8.0,7.0,15.0,15.0,6.0,13.0,8.0,13.0,4.0,17.0,12.0,21.0,8.0,2.0,17.0,9.0,1.0,1.0,10.0
2020-11-11,18.0,6.0,8.0,8.0,15.0,15.0,7.0,30.0,8.0,14.0,4.0,18.0,13.0,22.0,8.0,10.0,17.0,9.0,1.0,1.0,12.0
2020-11-12,8.0,6.0,9.0,7.0,16.0,15.0,7.0,14.0,8.0,15.0,4.0,19.0,13.0,23.0,9.0,4.0,17.0,9.0,-2.0,1.0,11.0
2020-11-13,4.0,5.0,7.0,6.0,16.0,14.0,7.0,17.0,9.0,15.0,5.0,20.0,12.0,20.0,5.0,6.0,18.0,10.0,2.0,1.0,11.0
2020-11-14,2.0,2.0,7.0,4.0,13.0,6.0,3.0,16.0,6.0,13.0,4.0,21.0,6.0,14.0,5.0,2.0,11.0,11.0,0.0,-1.0,5.0
2020-11-15,2.0,2.0,7.0,2.0,12.0,6.0,3.0,13.0,5.0,15.0,2.0,18.0,4.0,12.0,8.0,1.0,11.0,10.0,-1.0,-1.0,5.0
2020-11-16,6.0,5.0,8.0,7.0,15.0,15.0,6.0,13.0,8.0,15.0,4.0,18.0,16.0,18.0,8.0,3.0,20.0,8.0,1.0,1.0,10.0
2020-11-17,5.0,6.0,8.0,8.0,15.0,23.0,6.0,14.0,8.0,15.0,4.0,17.0,12.0,19.0,8.0,5.0,18.0,8.0,1.0,1.0,11.0
2020-11-18,4.0,5.0,8.0,9.0,15.0,12.0,7.0,14.0,8.0,15.0,4.0,18.0,13.0,19.0,8.0,5.0,18.0,9.0,0.0,0.0,11.0
2020-11-19,5.0,7.0,8.0,8.0,15.0,14.0,7.0,14.0,8.0,15.0,4.0,18.0,13.0,20.0,9.0,5.0,18.0,9.0,-3.0,3.0,11.0
2020-11-20,3.0,6.0,8.0,9.0,16.0,14.0,6.0,16.0,9.0,17.0,6.0,18.0,13.0,21.0,5.0,7.0,21.0,10.0,0.0,5.0,11.0
2020-11-21,2.0,4.0,8.0,5.0,13.0,6.0,4.0,15.0,6.0,15.0,3.0,18.0,7.0,15.0,5.0,5.0,12.0,10.0,0.0,0.0,5.0
2020-11-22,3.0,3.0,7.0,5.0,12.0,6.0,3.0,12.0,6.0,15.0,2.0,16.0,5.0,13.0,8.0,4.0,11.0,9.0,-1.0,-2.0,5.0
2020-11-23,4.0,6.0,9.0,7.0,15.0,13.0,6.0,13.0,8.0,14.0,17.0,17.0,12.0,19.0,9.0,5.0,18.0,8.0,2.0,0.0,11.0
2020-11-24,4.0,6.0,9.0,7.0,15.0,13.0,6.0,13.0,8.0,14.0,4.0,16.0,12.0,20.0,8.0,7.0,18.0,8.0,1.0,0.0,11.0
2020-11-25,3.0,5.0,9.0,8.0,15.0,12.0,6.0,14.0,8.0,14.0,4.0,16.0,13.0,20.0,8.0,7.0,18.0,9.0,1.0,0.0,10.0
2020-11-26,4.0,5.0,9.0,7.0,15.0,13.0,5.0,13.0,8.0,15.0,4.0,17.0,13.0,20.0,8.0,8.0,18.0,9.0,-3.0,0.0,23.0
2020-11-27,3.0,3.0,8.0,6.0,15.0,13.0,5.0,15.0,8.0,15.0,5.0,17.0,13.0,21.0,4.0,8.0,20.0,10.0,1.0,1.0,19.0
2020-11-28,2.0,2.0,8.0,4.0,12.0,6.0,3.0,10.0,6.0,14.0,5.0,15.0,6.0,14.0,4.0,6.0,13.0,10.0,1.0,-2.0,7.0
2020-11-29,3.0,2.0,8.0,4.0,11.0,6.0,2.0,8.0,6.0,14.0,4.0,14.0,5.0,12.0,7.0,5.0,12.0,9.0,0.0,-2.0,6.0
2020-11-30,4.0,4.0,9.0,7.0,13.0,10.0,5.0,11.0,7.0,13.0,4.0,15.0,11.0,23.0,7.0,8.0,17.0,7.0,2.0,-1.0,12.0
2020-12-01,4.0,5.0,8.0,7.0,13.0,10.0,5.0,11.0,7.0,13.0,5.0,15.0,12.0,18.0,7.0,8.0,17.0,7.0,2.0,-1.0,11.0
2020-12-02,3.0,5.0,8.0,7.0,13.0,10.0,6.0,11.0,7.0,15.0,5.0,15.0,12.0,20.0,7.0,9.0,19.0,8.0,2.0,-1.0,11.0
2020-12-03,3.0,4.0,8.0,7.0,13.0,8.0,6.0,11.0,8.0,14.0,5.0,16.0,12.0,19.0,8.0,10.0,20.0,8.0,-1.0,-1.0,11.0
2020-12-04,4.0,3.0,7.0,6.0,13.0,8.0,6.0,13.0,8.0,15.0,6.0,16.0,13.0,21.0,4.0,10.0,20.0,10.0,2.0,-1.0,12.0
2020-12-05,1.0,2.0,7.0,4.0,10.0,4.0,3.0,10.0,6.0,14.0,5.0,14.0,7.0,14.0,3.0,7.0,14.0,9.0,0.0,1.0,6.0
2020-12-06,1.0,2.0,7.0,6.0,10.0,3.0,2.0,8.0,7.0,14.0,4.0,13.0,5.0,12.0,7.0,6.0,13.0,9.0,-1.0,-2.0,5.0
2020-12-07,3.0,4.0,8.0,7.0,11.0,7.0,7.0,10.0,8.0,15.0,5.0,13.0,11.0,18.0,7.0,9.0,17.0,16.0,2.0,0.0,11.0
2020-12-08,3.0,5.0,8.0,8.0,22.0,7.0,7.0,10.0,6.0,28.0,5.0,13.0,12.0,22.0,7.0,8.0,19.0,22.0,2.0,-1.0,11.0
2020-12-09,22.0,4.0,8.0,7.0,11.0,7.0,9.0,11.0,15.0,12.0,5.0,13.0,12.0,19.0,8.0,9.0,19.0,7.0,3.0,-2.0,11.0
2020-12-10,3.0,4.0,9.0,7.0,13.0,7.0,10.0,10.0,9.0,12.0,5.0,14.0,12.0,20.0,9.0,8.0,18.0,8.0,-2.0,5.0,11.0
2020-12-11,3.0,3.0,8.0,7.0,14.0,7.0,10.0,13.0,12.0,12.0,5.0,16.0,12.0,20.0,6.0,9.0,20.0,10.0,1.0,8.0,12.0
2020-12-12,-1.0,1.0,9.0,5.0,19.0,4.0,6.0,10.0,9.0,11.0,5.0,11.0,7.0,14.0,6.0,7.0,13.0,8.0,-1.0,1.0,6.0
2020-12-13,0.0,2.0,8.0,6.0,18.0,3.0,5.0,7.0,9.0,8.0,4.0,9.0,4.0,12.0,9.0,6.0,11.0,7.0,-1.0,0.0,6.0
2020-12-14,5.0,5.0,9.0,7.0,12.0,7.0,11.0,10.0,11.0,10.0,5.0,13.0,11.0,18.0,9.0,7.0,16.0,6.0,2.0,0.0,11.0
2020-12-15,7.0,5.0,7.0,6.0,11.0,7.0,11.0,9.0,11.0,10.0,5.0,12.0,10.0,18.0,9.0,7.0,15.0,6.0,2.0,0.0,11.0
2020-12-16,4.0,5.0,13.0,7.0,11.0,7.0,11.0,9.0,11.0,10.0,5.0,13.0,11.0,18.0,9.0,7.0,15.0,7.0,2.0,0.0,13.0
2020-12-17,5.0,5.0,10.0,6.0,11.0,7.0,12.0,9.0,11.0,10.0,5.0,13.0,11.0,18.0,10.0,7.0,15.0,7.0,-2.0,0.0,14.0
2020-12-18,1.0,4.0,7.0,5.0,11.0,10.0,12.0,11.0,11.0,10.0,6.0,13.0,11.0,20.0,7.0,8.0,16.0,8.0,1.0,0.0,12.0
2020-12-19,-5.0,1.0,7.0,3.0,16.0,6.0,6.0,7.0,8.0,8.0,5.0,10.0,6.0,14.0,7.0,7.0,9.0,8.0,1.0,0.0,6.0
2020-12-20,-5.0,1.0,8.0,5.0,15.0,6.0,5.0,4.0,8.0,8.0,4.0,9.0,4.0,11.0,10.0,5.0,11.0,6.0,0.0,-1.0,5.0
2020-12-21,4.0,6.0,9.0,5.0,8.0,13.0,13.0,13.0,11.0,9.0,5.0,12.0,10.0,17.0,10.0,5.0,14.0,6.0,4.0,1.0,10.0
2020-12-22,3.0,7.0,9.0,5.0,8.0,15.0,13.0,12.0,10.0,8.0,5.0,11.0,10.0,16.0,10.0,5.0,14.0,6.0,1.0,2.0,10.0
2020-12-23,2.0,6.0,9.0,4.0,8.0,20.0,14.0,10.0,9.0,7.0,4.0,11.0,9.0,15.0,10.0,4.0,14.0,8.0,3.0,3.0,10.0
2020-12-24,0.0,9.0,9.0,7.0,12.0,30.0,15.0,10.0,13.0,24.0,5.0,10.0,10.0,19.0,10.0,5.0,20.0,12.0,-2.0,4.0,16.0
2020-12-25,22.0,14.0,8.0,15.0,29.0,29.0,22.0,23.0,18.0,32.0,7.0,18.0,22.0,27.0,7.0,9.0,33.0,24.0,1.0,5.0,27.0
2020-12-26,4.0,5.0,8.0,10.0,20.0,8.0,7.0,8.0,10.0,22.0,5.0,11.0,12.0,17.0,7.0,5.0,15.0,9.0,0.0,4.0,9.0
2020-12-27,0.0,2.0,8.0,8.0,17.0,5.0,7.0,5.0,8.0,15.0,5.0,7.0,7.0,15.0,8.0,4.0,10.0,7.0,1.0,3.0,7.0
2020-12-28,22.0,15.0,9.0,10.0,11.0,23.0,19.0,17.0,12.0,19.0,9.0,11.0,13.0,19.0,7.0,5.0,24.0,12.0,2.0,5.0,14.0
2020-12-29,7.0,12.0,9.0,9.0,11.0,21.0,19.0,17.0,12.0,17.0,16.0,11.0,13.0,18.0,6.0,3.0,24.0,11.0,1.0,6.0,14.0
2020-12-30,6.0,13.0,9.0,7.0,10.0,21.0,19.0,14.0,11.0,16.0,21.0,12.0,13.0,21.0,7.0,4.0,22.0,10.0,2.0,6.0,14.0
2020-12-31,1.0,9.0,9.0,9.0,13.0,24.0,19.0,15.0,12.0,24.0,27.0,10.0,11.0,23.0,8.0,7.0,22.0,13.0,-2.0,11.0,15.0
2021-01-01,25.0,20.0,6.0,15.0,29.0,31.0,23.0,24.0,19.0,31.0,32.0,19.0,23.0,30.0,5.0,20.0,29.0,26.0,14.0,14.0,27.0
2021-01-02,4.0,7.0,8.0,11.0,20.0,10.0,10.0,10.0,11.0,21.0,15.0,11.0,13.0,19.0,5.0,6.0,19.0,10.0,4.0,8.0,9.0
2021-01-03,1.0,5.0,8.0,6.0,16.0,9.0,8.0,6.0,9.0,16.0,8.0,10.0,8.0,16.0,6.0,3.0,11.0,7.0,1.0,4.0,7.0
2021-01-04,3.0,11.0,9.0,8.0,12.0,16.0,15.0,11.0,11.0,15.0,16.0,12.0,12.0,20.0,6.0,8.0,19.0,10.0,3.0,7.0,12.0
2021-01-05,3.0,11.0,8.0,8.0,12.0,16.0,15.0,11.0,12.0,20.0,11.0,12.0,12.0,20.0,6.0,6.0,18.0,10.0,2.0,8.0,12.0
2021-01-06,3.0,11.0,8.0,9.0,13.0,16.0,16.0,11.0,12.0,31.0,7.0,13.0,13.0,21.0,6.0,9.0,19.0,21.0,2.0,8.0,13.0
2021-01-07,3.0,11.0,8.0,8.0,13.0,16.0,16.0,11.0,12.0,13.0,9.0,13.0,15.0,21.0,8.0,18.0,18.0,14.0,0.0,8.0,13.0
2021-01-08,0.0,10.0,7.0,8.0,14.0,16.0,17.0,12.0,12.0,13.0,10.0,13.0,16.0,22.0,5.0,12.0,20.0,17.0,4.0,9.0,13.0
2021-01-09,-1.0,6.0,7.0,6.0,18.0,9.0,9.0,9.0,10.0,15.0,10.0,10.0,11.0,16.0,3.0,4.0,11.0,17.0,4.0,7.0,8.0
2021-01-10,-2.0,5.0,6.0,6.0,17.0,7.0,8.0,6.0,9.0,15.0,7.0,9.0,9.0,14.0,5.0,3.0,11.0,13.0,3.0,8.0,7.0
2021-01-11,-1.0,9.0,7.0,7.0,12.0,14.0,15.0,10.0,11.0,11.0,22.0,11.0,14.0,20.0,5.0,6.0,16.0,13.0,4.0,8.0,12.0
2021-01-12,1.0,8.0,7.0,7.0,12.0,14.0,14.0,10.0,12.0,11.0,9.0,8.0,14.0,20.0,5.0,5.0,16.0,12.0,3.0,8.0,12.0
2021-01-13,1.0,8.0,6.0,7.0,11.0,14.0,15.0,9.0,10.0,10.0,7.0,22.0,13.0,19.0,4.0,4.0,15.0,11.0,1.0,7.0,12.0
2021-01-14,-1.0,7.0,5.0,6.0,14.0,14.0,15.0,9.0,10.0,11.0,7.0,22.0,13.0,18.0,5.0,5.0,16.0,11.0,-3.0,7.0,12.0
2021-01-15,-3.0,7.0,4.0,6.0,14.0,14.0,15.0,11.0,10.0,11.0,8.0,22.0,13.0,18.0,2.0,6.0,16.0,12.0,-1.0,8.0,13.0
2021-01-16,-2.0,3.0,5.0,5.0,18.0,7.0,8.0,10.0,9.0,10.0,7.0,22.0,9.0,13.0,2.0,3.0,10.0,11.0,0.0,6.0,7.0
2021-01-17,-2.0,2.0,5.0,5.0,16.0,5.0,6.0,6.0,9.0,13.0,7.0,22.0,7.0,11.0,5.0,4.0,9.0,10.0,2.0,6.0,6.0
2021-01-18,-1.0,6.0,7.0,7.0,12.0,13.0,14.0,9.0,12.0,11.0,7.0,21.0,12.0,18.0,6.0,5.0,15.0,9.0,2.0,6.0,14.0
2021-01-19,0.0,7.0,7.0,7.0,13.0,13.0,14.0,10.0,11.0,11.0,8.0,20.0,13.0,19.0,6.0,4.0,15.0,10.0,1.0,6.0,12.0
2021-01-20,0.0,6.0,7.0,8.0,13.0,13.0,15.0,10.0,11.0,12.0,7.0,20.0,14.0,19.0,7.0,4.0,16.0,12.0,1.0,6.0,12.0
2021-01-21,0.0,6.0,7.0,7.0,14.0,13.0,15.0,10.0,12.0,12.0,7.0,21.0,14.0,19.0,8.0,3.0,16.0,11.0,-1.0,7.0,12.0
2021-01-22,-1.0,5.0,6.0,7.0,14.0,13.0,15.0,12.0,12.0,13.0,9.0,25.0,15.0,20.0,6.0,4.0,18.0,14.0,3.0,7.0,12.0
2021-01-23,-2.0,1.0,7.0,6.0,18.0,8.0,8.0,8.0,9.0,12.0,10.0,24.0,9.0,14.0,5.0,2.0,12.0,14.0,1.0,5.0,7.0
2021-01-24,-2.0,2.0,6.0,6.0,16.0,6.0,6.0,5.0,11.0,12.0,9.0,23.0,8.0,12.0,7.0,1.0,10.0,12.0,1.0,5.0,7.0
2021-01-25,-1.0,7.0,7.0,8.0,12.0,13.0,14.0,9.0,11.0,10.0,7.0,21.0,13.0,18.0,7.0,3.0,15.0,10.0,3.0,5.0,12.0
2021-01-26,0.0,16.0,7.0,7.0,13.0,13.0,13.0,10.0,11.0,10.0,8.0,20.0,13.0,19.0,6.0,3.0,14.0,10.0,2.0,5.0,13.0
2021-01-27,0.0,6.0,9.0,8.0,13.0,13.0,15.0,10.0,12.0,11.0,8.0,21.0,14.0,19.0,5.0,5.0,14.0,11.0,3.0,5.0,12.0
2021-01-28,-1.0,6.0,8.0,7.0,14.0,13.0,14.0,10.0,11.0,11.0,8.0,28.0,14.0,19.0,6.0,4.0,14.0,10.0,0.0,5.0,12.0
2021-01-29,-2.0,6.0,6.0,6.0,15.0,14.0,14.0,11.0,11.0,11.0,9.0,23.0,14.0,19.0,3.0,3.0,16.0,12.0,3.0,4.0,12.0
2021-01-30,-5.0,3.0,6.0,6.0,19.0,8.0,7.0,8.0,7.0,10.0,8.0,22.0,7.0,13.0,3.0,0.0,9.0,14.0,1.0,2.0,6.0
2021-01-31,-3.0,3.0,5.0,5.0,18.0,4.0,5.0,4.0,6.0,11.0,6.0,21.0,6.0,10.0,5.0,2.0,11.0,12.0,1.0,1.0,7.0
2021-02-01,-3.0,6.0,6.0,6.0,12.0,12.0,13.0,10.0,8.0,8.0,7.0,21.0,17.0,17.0,4.0,2.0,13.0,9.0,3.0,0.0,14.0
2021-02-02,-2.0,7.0,6.0,6.0,12.0,13.0,13.0,10.0,7.0,8.0,8.0,19.0,11.0,18.0,3.0,2.0,13.0,10.0,3.0,0.0,13.0
2021-02-03,1.0,7.0,6.0,6.0,13.0,13.0,14.0,10.0,8.0,9.0,7.0,20.0,12.0,18.0,2.0,1.0,14.0,10.0,2.0,1.0,11.0
2021-02-04,8.0,7.0,6.0,6.0,13.0,13.0,14.0,10.0,8.0,9.0,8.0,20.0,13.0,19.0,4.0,1.0,13.0,10.0,-1.0,1.0,11.0
2021-02-05,8.0,6.0,5.0,5.0,14.0,13.0,14.0,11.0,8.0,9.0,8.0,21.0,13.0,20.0,2.0,1.0,14.0,12.0,3.0,1.0,11.0
2021-02-06,4.0,3.0,5.0,5.0,17.0,8.0,8.0,8.0,7.0,7.0,7.0,20.0,8.0,14.0,1.0,-2.0,8.0,13.0,1.0,1.0,6.0
2021-02-07,2.0,3.0,4.0,5.0,15.0,7.0,7.0,5.0,7.0,10.0,6.0,19.0,6.0,12.0,4.0,-1.0,10.0,11.0,2.0,1.0,6.0
2021-02-08,8.0,4.0,5.0,5.0,11.0,14.0,14.0,10.0,8.0,8.0,7.0,17.0,11.0,18.0,4.0,2.0,29.0,9.0,3.0,0.0,11.0
2021-02-09,10.0,5.0,5.0,6.0,12.0,13.0,14.0,11.0,7.0,9.0,7.0,16.0,12.0,19.0,4.0,2.0,13.0,10.0,3.0,1.0,12.0
2021-02-10,9.0,5.0,5.0,6.0,13.0,13.0,14.0,12.0,7.0,10.0,5.0,17.0,12.0,19.0,4.0,1.0,14.0,10.0,12.0,-1.0,11.0
2021-02-11,8.0,5.0,5.0,6.0,13.0,14.0,14.0,11.0,6.0,8.0,19.0,21.0,12.0,17.0,6.0,3.0,13.0,9.0,13.0,0.0,13.0
2021-02-12,4.0,3.0,4.0,5.0,13.0,14.0,13.0,14.0,14.0,10.0,8.0,33.0,12.0,23.0,4.0,2.0,14.0,11.0,14.0,6.0,13.0
2021-02-13,-3.0,8.0,4.0,5.0,14.0,7.0,6.0,8.0,6.0,10.0,6.0,26.0,7.0,14.0,3.0,0.0,9.0,10.0,-1.0,1.0,8.0
2021-02-14,-3.0,6.0,3.0,6.0,13.0,5.0,5.0,5.0,6.0,8.0,5.0,20.0,5.0,9.0,5.0,1.0,7.0,8.0,-3.0,-2.0,7.0
2021-02-15,2.0,8.0,5.0,8.0,11.0,13.0,14.0,11.0,7.0,10.0,7.0,20.0,10.0,17.0,5.0,9.0,9.0,9.0,8.0,-1.0,18.0
2021-02-16,6.0,9.0,5.0,10.0,11.0,13.0,14.0,11.0,7.0,9.0,7.0,18.0,10.0,18.0,5.0,8.0,9.0,9.0,11.0,0.0,16.0
2021-02-17,6.0,9.0,5.0,7.0,12.0,13.0,14.0,10.0,7.0,9.0,7.0,19.0,11.0,19.0,6.0,1.0,10.0,9.0,5.0,0.0,13.0
2021-02-18,7.0,5.0,4.0,6.0,12.0,13.0,14.0,11.0,8.0,9.0,7.0,19.0,12.0,19.0,7.0,1.0,9.0,8.0,1.0,-3.0,17.0
2021-02-19,6.0,4.0,3.0,6.0,12.0,13.0,14.0,12.0,8.0,10.0,7.0,18.0,13.0,20.0,5.0,1.0,10.0,10.0,5.0,-1.0,14.0
2021-02-20,0.0,2.0,4.0,5.0,14.0,5.0,6.0,5.0,6.0,7.0,5.0,16.0,6.0,14.0,3.0,0.0,3.0,9.0,-2.0,-2.0,6.0
2021-02-21,0.0,2.0,8.0,6.0,13.0,5.0,4.0,2.0,5.0,7.0,4.0,15.0,4.0,13.0,6.0,-2.0,3.0,10.0,1.0,-2.0,5.0
2021-02-22,5.0,4.0,3.0,6.0,10.0,12.0,12.0,11.0,7.0,8.0,5.0,15.0,10.0,18.0,6.0,-1.0,8.0,8.0,1.0,-2.0,11.0
2021-02-23,7.0,4.0,5.0,6.0,11.0,12.0,12.0,11.0,7.0,8.0,19.0,14.0,11.0,19.0,6.0,-1.0,8.0,7.0,1.0,-1.0,10.0
2021-02-24,6.0,5.0,5.0,7.0,11.0,11.0,13.0,9.0,7.0,9.0,5.0,14.0,11.0,18.0,6.0,0.0,8.0,8.0,1.0,-1.0,10.0
2021-02-25,7.0,4.0,5.0,7.0,11.0,12.0,12.0,10.0,7.0,9.0,5.0,15.0,11.0,22.0,7.0,-1.0,7.0,8.0,-2.0,-5.0,10.0
2021-02-26,6.0,3.0,4.0,7.0,10.0,13.0,12.0,12.0,7.0,9.0,7.0,15.0,11.0,19.0,4.0,-1.0,8.0,8.0,1.0,5.0,10.0
2021-02-27,-3.0,2.0,4.0,8.0,13.0,6.0,5.0,6.0,4.0,7.0,6.0,13.0,4.0,13.0,3.0,-1.0,4.0,7.0,2.0,-2.0,5.0
2021-02-28,-2.0,1.0,4.0,8.0,12.0,2.0,4.0,2.0,4.0,6.0,4.0,12.0,3.0,10.0,5.0,-2.0,3.0,6.0,-1.0,-4.0,4.0
2021-03-01,3.0,5.0,5.0,8.0,10.0,15.0,10.0,9.0,5.0,9.0,5.0,13.0,9.0,17.0,5.0,-1.0,7.0,8.0,10.0,-3.0,9.0
2021-03-02,3.0,4.0,5.0,8.0,10.0,16.0,11.0,10.0,6.0,9.0,8.0,12.0,10.0,18.0,4.0,0.0,7.0,7.0,2.0,-2.0,10.0
2021-03-03,4.0,4.0,5.0,8.0,11.0,16.0,11.0,9.0,6.0,10.0,5.0,12.0,11.0,18.0,5.0,-1.0,7.0,7.0,1.0,-1.0,9.0
2021-03-04,6.0,4.0,5.0,8.0,11.0,17.0,11.0,10.0,6.0,10.0,6.0,13.0,11.0,19.0,6.0,-1.0,7.0,7.0,-2.0,-3.0,9.0
2021-03-05,4.0,2.0,4.0,8.0,11.0,19.0,11.0,12.0,6.0,11.0,8.0,12.0,11.0,19.0,4.0,0.0,10.0,8.0,1.0,-2.0,9.0
2021-03-06,-2.0,1.0,4.0,9.0,18.0,10.0,6.0,7.0,4.0,11.0,6.0,10.0,5.0,13.0,3.0,0.0,5.0,7.0,3.0,-3.0,4.0
2021-03-07,-2.0,1.0,3.0,10.0,16.0,9.0,5.0,3.0,5.0,10.0,4.0,8.0,3.0,11.0,5.0,0.0,4.0,7.0,2.0,-3.0,3.0
2021-03-08,4.0,7.0,4.0,9.0,11.0,16.0,10.0,8.0,6.0,11.0,6.0,10.0,10.0,18.0,5.0,-1.0,6.0,7.0,2.0,-2.0,9.0
2021-03-09,4.0,4.0,4.0,9.0,11.0,16.0,10.0,9.0,6.0,12.0,6.0,10.0,10.0,19.0,5.0,1.0,7.0,6.0,1.0,-2.0,9.0
2021-03-10,5.0,4.0,5.0,9.0,12.0,15.0,11.0,9.0,5.0,12.0,5.0,10.0,11.0,19.0,5.0,2.0,7.0,6.0,1.0,-2.0,9.0
2021-03-11,5.0,4.0,5.0,9.0,14.0,17.0,13.0,9.0,12.0,12.0,5.0,12.0,11.0,20.0,6.0,2.0,8.0,6.0,-3.0,-3.0,9.0
2021-03-12,5.0,3.0,4.0,10.0,13.0,17.0,12.0,11.0,7.0,12.0,7.0,11.0,10.0,20.0,6.0,2.0,10.0,7.0,0.0,-2.0,9.0
2021-03-13,-3.0,2.0,4.0,10.0,21.0,10.0,7.0,8.0,4.0,10.0,7.0,9.0,4.0,14.0,4.0,3.0,5.0,5.0,0.0,-2.0,3.0
2021-03-14,-3.0,3.0,3.0,10.0,19.0,9.0,4.0,5.0,5.0,11.0,3.0,9.0,2.0,12.0,5.0,1.0,9.0,4.0,-1.0,-3.0,4.0
2021-03-15,1.0,4.0,5.0,10.0,13.0,15.0,10.0,9.0,5.0,14.0,5.0,10.0,14.0,18.0,5.0,3.0,7.0,5.0,1.0,-2.0,10.0
2021-03-16,3.0,4.0,5.0,10.0,14.0,16.0,9.0,9.0,6.0,14.0,6.0,10.0,9.0,19.0,5.0,2.0,7.0,5.0,1.0,-2.0,9.0
2021-03-17,3.0,4.0,12.0,12.0,14.0,16.0,10.0,9.0,6.0,14.0,5.0,11.0,10.0,20.0,5.0,6.0,8.0,6.0,1.0,-1.0,8.0
2021-03-18,4.0,4.0,6.0,12.0,16.0,15.0,10.0,9.0,6.0,15.0,5.0,11.0,10.0,20.0,7.0,7.0,8.0,6.0,-2.0,-3.0,10.0
2021-03-19,-1.0,3.0,4.0,12.0,16.0,17.0,10.0,11.0,6.0,15.0,6.0,11.0,10.0,21.0,4.0,7.0,8.0,14.0,0.0,-2.0,8.0
2021-03-20,-4.0,3.0,4.0,11.0,23.0,10.0,6.0,8.0,4.0,15.0,5.0,9.0,4.0,15.0,3.0,3.0,7.0,7.0,-1.0,-3.0,2.0
2021-03-21,-5.0,4.0,4.0,12.0,21.0,10.0,3.0,5.0,4.0,14.0,6.0,8.0,3.0,13.0,5.0,4.0,5.0,4.0,1.0,-3.0,2.0
2021-03-22,0.0,6.0,6.0,11.0,17.0,14.0,10.0,9.0,6.0,13.0,5.0,10.0,9.0,21.0,6.0,4.0,8.0,5.0,3.0,-2.0,8.0
2021-03-23,1.0,6.0,6.0,12.0,16.0,15.0,10.0,9.0,6.0,13.0,5.0,11.0,9.0,22.0,5.0,3.0,7.0,5.0,1.0,-2.0,8.0
2021-03-24,1.0,5.0,6.0,12.0,16.0,14.0,10.0,8.0,6.0,13.0,4.0,11.0,10.0,22.0,6.0,4.0,7.0,5.0,3.0,-2.0,9.0
2021-03-25,3.0,4.0,6.0,12.0,20.0,13.0,9.0,9.0,6.0,14.0,5.0,11.0,10.0,22.0,6.0,3.0,6.0,5.0,-3.0,-4.0,9.0
2021-03-26,1.0,2.0,7.0,13.0,20.0,14.0,9.0,11.0,6.0,14.0,5.0,10.0,9.0,23.0,4.0,3.0,7.0,6.0,0.0,-2.0,8.0
2021-03-27,-5.0,2.0,6.0,12.0,33.0,8.0,5.0,8.0,4.0,12.0,2.0,8.0,3.0,17.0,3.0,-2.0,5.0,4.0,-1.0,-4.0,2.0
2021-03-28,-6.0,2.0,7.0,12.0,29.0,6.0,5.0,4.0,4.0,11.0,4.0,7.0,2.0,16.0,5.0,-1.0,7.0,2.0,0.0,-5.0,3.0
2021-03-29,-1.0,3.0,7.0,13.0,20.0,13.0,11.0,8.0,5.0,12.0,4.0,11.0,8.0,25.0,5.0,1.0,5.0,6.0,1.0,-3.0,8.0
2021-03-30,0.0,5.0,15.0,12.0,20.0,11.0,8.0,8.0,6.0,11.0,5.0,9.0,7.0,26.0,4.0,1.0,5.0,6.0,1.0,-2.0,8.0
2021-03-31,0.0,5.0,6.0,12.0,19.0,10.0,6.0,8.0,5.0,11.0,4.0,10.0,6.0,25.0,4.0,0.0,3.0,4.0,0.0,-3.0,8.0
2021-04-01,-5.0,2.0,7.0,10.0,18.0,8.0,16.0,8.0,4.0,11.0,4.0,10.0,10.0,31.0,6.0,0.0,12.0,11.0,-5.0,-2.0,8.0
2021-04-02,16.0,18.0,7.0,23.0,40.0,29.0,18.0,10.0,10.0,13.0,6.0,10.0,17.0,39.0,3.0,2.0,16.0,19.0,10.0,-2.0,10.0
2021-04-03,-5.0,3.0,6.0,11.0,28.0,9.0,0.0,5.0,3.0,13.0,4.0,6.0,7.0,25.0,2.0,2.0,11.0,4.0,1.0,-3.0,2.0
2021-04-04,-6.0,1.0,3.0,8.0,23.0,5.0,1.0,4.0,1.0,11.0,5.0,6.0,1.0,18.0,5.0,1.0,4.0,1.0,0.0,-2.0,1.0
2021-04-05,13.0,14.0,13.0,10.0,21.0,29.0,21.0,23.0,4.0,24.0,5.0,9.0,7.0,24.0,5.0,0.0,27.0,9.0,11.0,-2.0,8.0
2021-04-06,-2.0,6.0,15.0,11.0,22.0,13.0,8.0,14.0,4.0,13.0,5.0,7.0,8.0,25.0,5.0,2.0,18.0,5.0,0.0,5.0,7.0
2021-04-07,0.0,6.0,14.0,11.0,22.0,14.0,9.0,13.0,4.0,12.0,5.0,8.0,8.0,25.0,5.0,3.0,16.0,6.0,0.0,-1.0,7.0
2021-04-08,0.0,5.0,14.0,10.0,23.0,14.0,9.0,14.0,4.0,11.0,5.0,8.0,9.0,24.0,6.0,2.0,14.0,6.0,-2.0,0.0,8.0
2021-04-09,-1.0,5.0,11.0,10.0,25.0,12.0,9.0,17.0,4.0,12.0,6.0,8.0,9.0,31.0,4.0,0.0,15.0,8.0,1.0,1.0,7.0
2021-04-10,-6.0,2.0,10.0,9.0,25.0,5.0,4.0,11.0,1.0,11.0,5.0,6.0,3.0,21.0,2.0,-5.0,6.0,7.0,1.0,-1.0,2.0
2021-04-11,-7.0,3.0,8.0,10.0,23.0,3.0,6.0,9.0,1.0,13.0,3.0,6.0,2.0,18.0,3.0,-5.0,9.0,6.0,0.0,0.0,2.0
2021-04-12,-4.0,5.0,8.0,10.0,22.0,11.0,8.0,14.0,4.0,11.0,5.0,7.0,8.0,23.0,3.0,-2.0,9.0,5.0,1.0,7.0,7.0
2021-04-13,-3.0,5.0,6.0,10.0,22.0,11.0,8.0,14.0,12.0,10.0,6.0,14.0,9.0,23.0,13.0,2.0,10.0,5.0,1.0,11.0,7.0
2021-04-14,-5.0,5.0,27.0,10.0,23.0,10.0,8.0,12.0,10.0,9.0,6.0,12.0,9.0,24.0,12.0,3.0,7.0,6.0,1.0,12.0,8.0
2021-04-15,-5.0,5.0,24.0,10.0,23.0,11.0,8.0,14.0,9.0,10.0,4.0,13.0,9.0,23.0,14.0,2.0,7.0,7.0,-3.0,11.0,8.0
2021-04-16,-6.0,4.0,19.0,10.0,24.0,11.0,7.0,17.0,9.0,10.0,6.0,13.0,8.0,25.0,9.0,1.0,6.0,6.0,0.0,10.0,8.0
2021-04-17,-7.0,2.0,20.0,9.0,23.0,5.0,3.0,10.0,9.0,9.0,7.0,14.0,3.0,19.0,10.0,-1.0,4.0,5.0,0.0,6.0,2.0
2021-04-18,-7.0,2.0,20.0,10.0,22.0,3.0,1.0,7.0,10.0,11.0,4.0,12.0,2.0,17.0,12.0,1.0,8.0,4.0,0.0,6.0,2.0
2021-04-19,-8.0,4.0,21.0,9.0,21.0,10.0,7.0,14.0,8.0,9.0,5.0,12.0,8.0,22.0,12.0,0.0,7.0,5.0,1.0,6.0,8.0
2021-04-20,-8.0,4.0,20.0,8.0,21.0,9.0,6.0,14.0,8.0,8.0,5.0,12.0,9.0,23.0,11.0,-1.0,6.0,6.0,1.0,6.0,8.0
2021-04-21,-7.0,4.0,20.0,19.0,22.0,8.0,7.0,12.0,8.0,9.0,5.0,13.0,9.0,23.0,11.0,-2.0,5.0,6.0,1.0,7.0,8.0
2021-04-22,-6.0,3.0,19.0,9.0,23.0,9.0,7.0,14.0,8.0,10.0,5.0,13.0,9.0,23.0,14.0,-3.0,5.0,6.0,-2.0,7.0,8.0
2021-04-23,-8.0,3.0,17.0,10.0,24.0,8.0,6.0,16.0,9.0,9.0,6.0,13.0,9.0,25.0,9.0,-2.0,4.0,6.0,1.0,9.0,7.0
2021-04-24,-8.0,3.0,18.0,8.0,22.0,1.0,2.0,8.0,8.0,7.0,4.0,13.0,3.0,18.0,10.0,-6.0,-2.0,5.0,0.0,7.0,2.0
2021-04-25,-8.0,4.0,16.0,9.0,21.0,0.0,2.0,5.0,9.0,7.0,4.0,12.0,2.0,15.0,10.0,-6.0,-1.0,6.0,1.0,7.0,2.0
2021-04-26,-9.0,10.0,16.0,9.0,21.0,8.0,7.0,13.0,8.0,7.0,5.0,13.0,8.0,22.0,10.0,-3.0,11.0,6.0,2.0,8.0,7.0
2021-04-27,-7.0,4.0,16.0,9.0,21.0,8.0,6.0,13.0,8.0,7.0,5.0,12.0,9.0,23.0,10.0,-1.0,26.0,6.0,1.0,10.0,7.0
2021-04-28,-7.0,4.0,16.0,9.0,21.0,7.0,6.0,12.0,8.0,7.0,5.0,12.0,9.0,23.0,10.0,-2.0,8.0,6.0,2.0,9.0,7.0
2021-04-29,-7.0,4.0,15.0,9.0,20.0,8.0,2.0,13.0,8.0,8.0,22.0,19.0,8.0,23.0,12.0,-6.0,8.0,5.0,-2.0,10.0,8.0
2021-04-30,-9.0,3.0,13.0,7.0,20.0,5.0,17.0,14.0,7.0,6.0,9.0,13.0,6.0,23.0,7.0,6.0,7.0,4.0,5.0,10.0,6.0
2021-05-01,-10.0,2.0,17.0,10.0,26.0,2.0,1.0,14.0,8.0,11.0,7.0,17.0,4.0,18.0,8.0,-5.0,3.0,7.0,0.0,13.0,1.0
2021-05-02,-11.0,2.0,12.0,8.0,19.0,4.0,1.0,6.0,6.0,4.0,5.0,12.0,1.0,15.0,9.0,-5.0,5.0,0.0,-1.0,10.0,1.0
2021-05-03,11.0,7.0,13.0,8.0,18.0,7.0,6.0,8.0,5.0,5.0,19.0,12.0,7.0,21.0,9.0,3.0,5.0,6.0,2.0,12.0,7.0
2021-05-04,-9.0,4.0,12.0,8.0,18.0,7.0,8.0,9.0,5.0,6.0,20.0,12.0,8.0,22.0,9.0,0.0,4.0,4.0,1.0,14.0,7.0
2021-05-05,-9.0,5.0,13.0,8.0,19.0,8.0,8.0,8.0,5.0,6.0,23.0,11.0,9.0,21.0,9.0,-4.0,5.0,4.0,1.0,9.0,7.0
2021-05-06,-8.0,4.0,12.0,7.0,19.0,8.0,6.0,9.0,7.0,6.0,7.0,13.0,8.0,22.0,12.0,-3.0,6.0,4.0,-2.0,11.0,6.0
2021-05-07,-10.0,3.0,10.0,7.0,19.0,7.0,5.0,9.0,7.0,6.0,9.0,16.0,8.0,23.0,7.0,-2.0,7.0,4.0,0.0,11.0,6.0
2021-05-08,-10.0,1.0,10.0,5.0,18.0,2.0,1.0,6.0,6.0,3.0,7.0,16.0,2.0,16.0,8.0,-6.0,0.0,1.0,1.0,9.0,0.0
2021-05-09,-10.0,1.0,9.0,4.0,15.0,-5.0,0.0,2.0,6.0,0.0,6.0,14.0,0.0,13.0,10.0,-8.0,-3.0,3.0,0.0,9.0,0.0
2021-05-10,-9.0,4.0,12.0,7.0,17.0,3.0,5.0,8.0,7.0,5.0,6.0,16.0,5.0,21.0,9.0,-5.0,2.0,4.0,1.0,11.0,7.0
2021-05-11,-8.0,4.0,8.0,8.0,17.0,4.0,5.0,9.0,7.0,7.0,7.0,16.0,8.0,22.0,10.0,-5.0,3.0,4.0,1.0,9.0,7.0
2021-05-12,-8.0,4.0,10.0,9.0,18.0,6.0,2.0,4.0,12.0,6.0,6.0,21.0,9.0,21.0,13.0,-3.0,5.0,4.0,1.0,9.0,7.0
2021-05-13,-5.0,4.0,15.0,9.0,18.0,8.0,16.0,19.0,4.0,6.0,7.0,33.0,9.0,26.0,14.0,-2.0,6.0,4.0,-1.0,10.0,6.0
2021-05-14,-9.0,3.0,3.0,8.0,17.0,6.0,11.0,17.0,10.0,6.0,7.0,35.0,8.0,23.0,6.0,-4.0,5.0,2.0,4.0,11.0,6.0
2021-05-15,-9.0,2.0,11.0,7.0,21.0,1.0,1.0,7.0,4.0,4.0,7.0,25.0,2.0,16.0,8.0,-7.0,2.0,0.0,8.0,8.0,0.0
2021-05-16,-9.0,2.0,7.0,8.0,15.0,-1.0,0.0,1.0,2.0,3.0,7.0,22.0,1.0,14.0,11.0,-5.0,3.0,-1.0,11.0,8.0,1.0
2021-05-17,-9.0,4.0,8.0,8.0,15.0,5.0,5.0,7.0,6.0,5.0,7.0,21.0,7.0,20.0,8.0,-2.0,5.0,4.0,9.0,8.0,7.0
2021-05-18,-9.0,4.0,8.0,8.0,16.0,4.0,5.0,8.0,5.0,5.0,7.0,20.0,8.0,21.0,6.0,-5.0,3.0,4.0,11.0,8.0,7.0
2021-05-19,-7.0,4.0,7.0,8.0,16.0,5.0,5.0,5.0,5.0,5.0,7.0,21.0,8.0,21.0,7.0,-2.0,6.0,4.0,14.0,8.0,7.0
2021-05-20,-7.0,4.0,9.0,8.0,14.0,4.0,4.0,5.0,6.0,4.0,8.0,22.0,8.0,21.0,9.0,0.0,2.0,3.0,11.0,6.0,6.0
2021-05-21,-9.0,3.0,7.0,8.0,33.0,4.0,4.0,6.0,7.0,4.0,10.0,23.0,8.0,22.0,7.0,-4.0,1.0,2.0,17.0,8.0,5.0
2021-05-22,-8.0,2.0,7.0,8.0,20.0,0.0,1.0,2.0,5.0,2.0,8.0,23.0,3.0,15.0,5.0,-8.0,1.0,1.0,18.0,5.0,0.0
2021-05-23,-10.0,2.0,7.0,9.0,18.0,0.0,1.0,0.0,5.0,0.0,5.0,23.0,1.0,13.0,6.0,-8.0,4.0,2.0,18.0,6.0,1.0
2021-05-24,11.0,4.0,8.0,9.0,14.0,3.0,16.0,17.0,6.0,6.0,7.0,22.0,8.0,19.0,6.0,-4.0,7.0,4.0,17.0,5.0,6.0
2021-05-25,-10.0,4.0,7.0,8.0,15.0,4.0,5.0,5.0,5.0,4.0,6.0,23.0,8.0,20.0,6.0,-4.0,5.0,3.0,17.0,6.0,6.0
2021-05-26,-9.0,5.0,11.0,8.0,16.0,4.0,6.0,6.0,12.0,4.0,6.0,33.0,8.0,20.0,6.0,-5.0,2.0,3.0,17.0,13.0,6.0
2021-05-27,-9.0,4.0,8.0,8.0,16.0,3.0,4.0,5.0,6.0,4.0,8.0,26.0,8.0,20.0,7.0,-4.0,3.0,3.0,14.0,5.0,6.0
2021-05-28,-13.0,8.0,7.0,8.0,16.0,2.0,2.0,5.0,7.0,3.0,7.0,26.0,7.0,21.0,5.0,-4.0,1.0,1.0,19.0,6.0,6.0
2021-05-29,-12.0,7.0,6.0,7.0,18.0,0.0,-2.0,1.0,5.0,0.0,6.0,24.0,2.0,14.0,4.0,-7.0,1.0,-1.0,19.0,3.0,1.0
2021-05-30,-12.0,6.0,6.0,9.0,17.0,-2.0,-2.0,-3.0,4.0,-1.0,5.0,23.0,1.0,13.0,6.0,-6.0,-1.0,-1.0,21.0,3.0,0.0
2021-05-31,-11.0,8.0,7.0,9.0,15.0,3.0,3.0,5.0,5.0,4.0,6.0,22.0,7.0,18.0,5.0,-3.0,2.0,3.0,19.0,3.0,15.0
2021-06-01,-10.0,8.0,8.0,8.0,16.0,2.0,3.0,5.0,12.0,1.0,6.0,36.0,8.0,20.0,5.0,-3.0,2.0,4.0,18.0,4.0,6.0
2021-06-02,-12.0,8.0,7.0,6.0,15.0,1.0,4.0,5.0,5.0,12.0,6.0,35.0,8.0,21.0,5.0,-5.0,1.0,3.0,17.0,4.0,7.0
2021-06-03,-9.0,9.0,7.0,16.0,17.0,1.0,3.0,5.0,6.0,3.0,7.0,35.0,9.0,21.0,7.0,-5.0,1.0,4.0,14.0,11.0,7.0
2021-06-04,-10.0,7.0,7.0,9.0,17.0,-1.0,1.0,6.0,6.0,3.0,10.0,36.0,9.0,22.0,6.0,-5.0,0.0,2.0,20.0,7.0,6.0
2021-06-05,-10.0,6.0,7.0,7.0,19.0,-3.0,-2.0,1.0,4.0,0.0,6.0,33.0,4.0,15.0,4.0,-9.0,-4.0,1.0,21.0,4.0,0.0
2021-06-06,-10.0,6.0,7.0,7.0,17.0,-5.0,-2.0,-2.0,4.0,0.0,5.0,29.0,0.0,14.0,5.0,-6.0,1.0,-2.0,21.0,3.0,0.0
2021-06-07,-10.0,8.0,7.0,8.0,16.0,1.0,4.0,5.0,5.0,4.0,6.0,40.0,8.0,19.0,5.0,-5.0,2.0,2.0,18.0,4.0,7.0
2021-06-08,-9.0,8.0,7.0,8.0,17.0,1.0,3.0,4.0,6.0,3.0,6.0,31.0,8.0,20.0,5.0,-5.0,1.0,3.0,17.0,5.0,7.0
2021-06-09,-9.0,8.0,7.0,8.0,17.0,1.0,3.0,3.0,6.0,3.0,6.0,33.0,8.0,21.0,6.0,-5.0,1.0,3.0,17.0,5.0,6.0
2021-06-10,-9.0,8.0,7.0,8.0,18.0,1.0,2.0,3.0,6.0,3.0,6.0,34.0,8.0,20.0,7.0,-5.0,1.0,2.0,13.0,5.0,6.0
2021-06-11,-10.0,5.0,7.0,7.0,18.0,-1.0,2.0,3.0,7.0,3.0,7.0,34.0,8.0,21.0,6.0,-5.0,0.0,1.0,18.0,6.0,6.0
2021-06-12,-10.0,4.0,6.0,6.0,20.0,-4.0,-2.0,-2.0,5.0,-2.0,6.0,31.0,3.0,16.0,5.0,-8.0,-5.0,-2.0,18.0,4.0,0.0
2021-06-13,-10.0,3.0,5.0,8.0,17.0,-5.0,-1.0,-5.0,5.0,-5.0,5.0,28.0,2.0,13.0,6.0,-6.0,-4.0,-3.0,18.0,4.0,0.0
2021-06-14,-9.0,13.0,6.0,8.0,19.0,1.0,4.0,3.0,6.0,2.0,6.0,31.0,7.0,18.0,6.0,-4.0,0.0,2.0,30.0,4.0,6.0
2021-06-15,-10.0,6.0,7.0,8.0,18.0,0.0,3.0,3.0,7.0,2.0,6.0,30.0,7.0,18.0,6.0,-5.0,-1.0,2.0,16.0,4.0,6.0
2021-06-16,-11.0,6.0,6.0,8.0,18.0,0.0,2.0,3.0,7.0,2.0,6.0,31.0,7.0,18.0,5.0,-6.0,-1.0,2.0,17.0,4.0,6.0
2021-06-17,-8.0,5.0,6.0,8.0,18.0,-1.0,1.0,3.0,7.0,2.0,6.0,32.0,7.0,18.0,7.0,-6.0,-1.0,3.0,13.0,4.0,6.0
2021-06-18,-10.0,4.0,7.0,7.0,19.0,-2.0,1.0,4.0,8.0,1.0,7.0,33.0,7.0,20.0,6.0,-6.0,-2.0,1.0,18.0,5.0,6.0
2021-06-19,-11.0,4.0,8.0,7.0,18.0,-6.0,-3.0,0.0,7.0,-4.0,8.0,30.0,2.0,13.0,4.0,-9.0,-6.0,-1.0,17.0,2.0,0.0
2021-06-20,-11.0,4.0,6.0,8.0,16.0,-7.0,-1.0,-3.0,7.0,-4.0,4.0,27.0,-1.0,11.0,5.0,-10.0,-6.0,-1.0,18.0,3.0,-1.0
2021-06-21,-8.0,5.0,6.0,8.0,30.0,1.0,3.0,3.0,8.0,1.0,5.0,30.0,7.0,18.0,5.0,-6.0,-1.0,2.0,18.0,3.0,7.0
2021-06-22,-7.0,5.0,8.0,8.0,16.0,1.0,2.0,4.0,8.0,1.0,6.0,29.0,8.0,19.0,5.0,-6.0,-1.0,2.0,18.0,3.0,7.0
2021-06-23,-8.0,6.0,7.0,7.0,20.0,0.0,1.0,3.0,9.0,1.0,5.0,31.0,8.0,19.0,6.0,-5.0,-1.0,1.0,17.0,4.0,6.0
2021-06-24,-9.0,6.0,8.0,8.0,18.0,0.0,2.0,3.0,10.0,2.0,5.0,32.0,8.0,20.0,7.0,-4.0,-6.0,5.0,13.0,4.0,6.0
2021-06-25,-9.0,6.0,8.0,7.0,22.0,0.0,1.0,4.0,10.0,0.0,6.0,32.0,8.0,21.0,6.0,-4.0,12.0,1.0,18.0,5.0,6.0
2021-06-26,-10.0,5.0,7.0,6.0,19.0,-5.0,-3.0,-1.0,8.0,-4.0,5.0,29.0,3.0,14.0,4.0,-9.0,-6.0,-3.0,16.0,3.0,0.0
2021-06-27,-11.0,6.0,5.0,7.0,17.0,-7.0,-2.0,-2.0,9.0,-6.0,4.0,27.0,3.0,13.0,4.0,-10.0,-8.0,-5.0,17.0,3.0,0.0
2021-06-28,-9.0,9.0,11.0,7.0,26.0,0.0,2.0,3.0,10.0,0.0,5.0,29.0,4.0,18.0,4.0,-7.0,-1.0,1.0,17.0,5.0,4.0
2021-06-29,-8.0,11.0,11.0,8.0,14.0,-1.0,2.0,3.0,10.0,0.0,6.0,28.0,7.0,18.0,4.0,-7.0,-1.0,1.0,16.0,5.0,6.0
2021-06-30,-5.0,12.0,8.0,7.0,16.0,-1.0,2.0,1.0,9.0,-1.0,3.0,28.0,7.0,17.0,4.0,-7.0,-2.0,0.0,14.0,4.0,6.0
2021-07-01,-7.0,14.0,24.0,7.0,16.0,3.0,3.0,2.0,11.0,1.0,6.0,30.0,7.0,19.0,7.0,-5.0,0.0,1.0,12.0,4.0,6.0
2021-07-02,-8.0,14.0,19.0,7.0,17.0,3.0,3.0,3.0,12.0,0.0,8.0,30.0,8.0,21.0,6.0,-6.0,-1.0,1.0,17.0,5.0,6.0
2021-07-03,-11.0,9.0,20.0,6.0,18.0,-7.0,-4.0,-3.0,11.0,-4.0,6.0,31.0,3.0,16.0,4.0,-9.0,-7.0,-3.0,15.0,3.0,0.0
2021-07-04,-12.0,7.0,20.0,7.0,16.0,-7.0,-2.0,-2.0,12.0,-5.0,5.0,28.0,2.0,14.0,5.0,-10.0,-3.0,-5.0,16.0,4.0,-2.0
2021-07-05,-9.0,10.0,18.0,7.0,15.0,12.0,5.0,3.0,13.0,0.0,6.0,31.0,7.0,18.0,5.0,-6.0,0.0,1.0,15.0,4.0,14.0
2021-07-06,-8.0,10.0,18.0,7.0,15.0,9.0,4.0,3.0,13.0,0.0,6.0,31.0,7.0,20.0,5.0,-7.0,0.0,2.0,15.0,6.0,7.0
2021-07-07,-9.0,10.0,17.0,6.0,15.0,3.0,2.0,2.0,13.0,1.0,6.0,31.0,8.0,19.0,5.0,-6.0,0.0,2.0,15.0,6.0,7.0
2021-07-08,-8.0,10.0,17.0,5.0,15.0,4.0,4.0,3.0,14.0,2.0,7.0,32.0,7.0,19.0,7.0,-6.0,0.0,1.0,11.0,6.0,7.0
2021-07-09,-9.0,11.0,14.0,9.0,15.0,4.0,4.0,3.0,15.0,0.0,7.0,33.0,7.0,21.0,6.0,-5.0,-1.0,0.0,16.0,8.0,7.0
2021-07-10,-11.0,8.0,15.0,5.0,15.0,-7.0,-2.0,-3.0,13.0,-5.0,6.0,30.0,3.0,15.0,4.0,-9.0,-7.0,-3.0,14.0,7.0,0.0
2021-07-11,-12.0,7.0,15.0,5.0,15.0,-5.0,-3.0,-5.0,13.0,-7.0,4.0,27.0,2.0,12.0,5.0,-10.0,-6.0,-4.0,15.0,7.0,1.0
2021-07-12,-9.0,9.0,15.0,6.0,13.0,2.0,4.0,5.0,14.0,0.0,6.0,30.0,7.0,18.0,5.0,-8.0,-1.0,2.0,15.0,7.0,7.0
2021-07-13,-9.0,9.0,14.0,7.0,13.0,1.0,4.0,2.0,14.0,2.0,6.0,30.0,8.0,19.0,5.0,-6.0,1.0,2.0,14.0,8.0,7.0
2021-07-14,-10.0,10.0,13.0,7.0,13.0,3.0,4.0,15.0,14.0,1.0,5.0,30.0,7.0,19.0,5.0,-6.0,0.0,2.0,14.0,9.0,6.0
2021-07-15,-10.0,9.0,7.0,6.0,10.0,1.0,4.0,4.0,14.0,0.0,5.0,30.0,7.0,18.0,8.0,-6.0,-1.0,1.0,11.0,9.0,6.0
2021-07-16,-9.0,13.0,5.0,7.0,26.0,0.0,3.0,5.0,15.0,1.0,6.0,31.0,7.0,20.0,6.0,-4.0,1.0,1.0,15.0,10.0,6.0
2021-07-17,-11.0,11.0,6.0,5.0,14.0,-6.0,-5.0,-4.0,13.0,-3.0,4.0,28.0,2.0,14.0,4.0,-7.0,-2.0,-3.0,14.0,7.0,0.0
2021-07-18,-12.0,10.0,4.0,6.0,10.0,-6.0,-2.0,-6.0,13.0,-4.0,4.0,24.0,1.0,12.0,7.0,-8.0,-1.0,-5.0,14.0,7.0,0.0
2021-07-19,-10.0,12.0,3.0,7.0,12.0,2.0,6.0,4.0,14.0,1.0,5.0,27.0,7.0,18.0,15.0,-5.0,0.0,1.0,14.0,8.0,6.0
2021-07-20,-9.0,14.0,8.0,7.0,12.0,2.0,6.0,3.0,21.0,0.0,5.0,35.0,7.0,24.0,12.0,-5.0,1.0,2.0,14.0,10.0,6.0
2021-07-21,-10.0,15.0,13.0,7.0,12.0,1.0,6.0,2.0,12.0,0.0,4.0,30.0,8.0,21.0,14.0,-7.0,-1.0,2.0,14.0,10.0,6.0
2021-07-22,-10.0,15.0,9.0,6.0,12.0,1.0,6.0,3.0,12.0,0.0,15.0,29.0,8.0,21.0,16.0,-6.0,-1.0,2.0,12.0,11.0,6.0
2021-07-23,-10.0,16.0,14.0,6.0,14.0,0.0,6.0,5.0,14.0,0.0,19.0,30.0,8.0,23.0,6.0,-6.0,0.0,2.0,18.0,12.0,6.0
2021-07-24,-11.0,13.0,19.0,5.0,12.0,-9.0,-5.0,-2.0,12.0,-5.0,6.0,28.0,3.0,19.0,5.0,-10.0,-8.0,-2.0,17.0,12.0,0.0
2021-07-25,-10.0,11.0,17.0,5.0,11.0,-6.0,-2.0,-2.0,11.0,-6.0,4.0,25.0,2.0,17.0,7.0,-11.0,-7.0,-4.0,14.0,11.0,0.0
2021-07-26,-11.0,14.0,17.0,7.0,13.0,3.0,8.0,5.0,12.0,1.0,5.0,28.0,8.0,19.0,5.0,-6.0,1.0,2.0,14.0,15.0,6.0
2021-07-27,-10.0,14.0,17.0,7.0,13.0,2.0,8.0,6.0,12.0,1.0,7.0,27.0,8.0,20.0,5.0,-6.0,3.0,2.0,12.0,11.0,7.0
2021-07-28,-10.0,11.0,17.0,9.0,13.0,3.0,8.0,4.0,12.0,0.0,6.0,28.0,9.0,21.0,5.0,-5.0,1.0,2.0,12.0,19.0,6.0
2021-07-29,-9.0,11.0,18.0,7.0,13.0,2.0,9.0,4.0,12.0,0.0,6.0,29.0,8.0,20.0,7.0,-5.0,1.0,2.0,9.0,11.0,7.0
2021-07-30,-12.0,10.0,14.0,7.0,13.0,1.0,7.0,6.0,13.0,0.0,7.0,30.0,8.0,20.0,6.0,-5.0,0.0,1.0,13.0,13.0,6.0
2021-07-31,-16.0,9.0,14.0,6.0,10.0,-8.0,-2.0,-2.0,10.0,-5.0,6.0,27.0,3.0,14.0,4.0,-9.0,-6.0,-2.0,14.0,9.0,0.0
2021-08-01,-15.0,10.0,12.0,7.0,9.0,-3.0,-2.0,-3.0,10.0,-4.0,5.0,25.0,2.0,14.0,4.0,-10.0,-2.0,-4.0,13.0,9.0,0.0
2021-08-02,5.0,12.0,13.0,6.0,12.0,4.0,6.0,7.0,11.0,1.0,6.0,27.0,7.0,19.0,4.0,-7.0,3.0,2.0,13.0,10.0,6.0
2021-08-03,7.0,13.0,13.0,6.0,12.0,3.0,6.0,8.0,11.0,1.0,7.0,27.0,8.0,20.0,4.0,-6.0,4.0,3.0,12.0,11.0,6.0
2021-08-04,-10.0,13.0,14.0,6.0,12.0,4.0,5.0,6.0,11.0,2.0,6.0,28.0,8.0,20.0,5.0,-6.0,4.0,3.0,11.0,11.0,6.0
2021-08-05,-9.0,13.0,13.0,5.0,12.0,6.0,5.0,7.0,11.0,1.0,7.0,29.0,9.0,19.0,6.0,-4.0,5.0,2.0,9.0,12.0,6.0
2021-08-06,-10.0,16.0,12.0,4.0,12.0,3.0,5.0,8.0,11.0,1.0,8.0,30.0,9.0,26.0,6.0,-5.0,3.0,3.0,15.0,13.0,6.0
2021-08-07,-13.0,14.0,12.0,4.0,10.0,-8.0,-2.0,-1.0,9.0,-4.0,6.0,27.0,4.0,21.0,4.0,-10.0,-6.0,-2.0,16.0,10.0,1.0
2021-08-08,-11.0,12.0,13.0,3.0,9.0,-5.0,0.0,-3.0,9.0,-6.0,6.0,25.0,4.0,19.0,5.0,-10.0,-5.0,-4.0,11.0,9.0,0.0
2021-08-09,-8.0,13.0,12.0,5.0,12.0,2.0,5.0,7.0,10.0,3.0,21.0,27.0,8.0,24.0,5.0,-6.0,2.0,2.0,11.0,10.0,7.0
2021-08-10,2.0,13.0,11.0,5.0,12.0,2.0,4.0,8.0,10.0,3.0,9.0,33.0,8.0,24.0,4.0,-6.0,2.0,3.0,10.0,11.0,7.0
2021-08-11,-8.0,14.0,6.0,6.0,12.0,1.0,3.0,5.0,16.0,3.0,10.0,27.0,9.0,24.0,5.0,-6.0,2.0,3.0,10.0,11.0,6.0
2021-08-12,-9.0,13.0,6.0,6.0,13.0,1.0,2.0,7.0,9.0,3.0,14.0,29.0,9.0,24.0,6.0,-6.0,1.0,3.0,6.0,18.0,6.0
2021-08-13,-10.0,14.0,7.0,6.0,13.0,0.0,2.0,8.0,11.0,4.0,21.0,30.0,8.0,26.0,6.0,-5.0,1.0,3.0,11.0,14.0,6.0
2021-08-14,-10.0,11.0,6.0,5.0,10.0,-9.0,-3.0,-3.0,8.0,-4.0,13.0,27.0,4.0,20.0,4.0,-9.0,-7.0,-2.0,9.0,11.0,1.0
2021-08-15,-5.0,10.0,12.0,6.0,11.0,-8.0,-1.0,-5.0,9.0,-9.0,7.0,25.0,3.0,18.0,5.0,-10.0,-7.0,-4.0,8.0,10.0,0.0
2021-08-16,-8.0,13.0,5.0,6.0,13.0,3.0,3.0,7.0,9.0,4.0,13.0,27.0,8.0,23.0,5.0,-5.0,1.0,4.0,9.0,11.0,6.0
2021-08-17,-8.0,14.0,6.0,5.0,13.0,3.0,3.0,8.0,17.0,5.0,10.0,27.0,9.0,24.0,5.0,-4.0,3.0,3.0,9.0,11.0,6.0
2021-08-18,-8.0,14.0,6.0,6.0,15.0,2.0,3.0,6.0,9.0,5.0,9.0,28.0,9.0,24.0,6.0,-5.0,1.0,4.0,9.0,11.0,6.0
2021-08-19,-8.0,14.0,7.0,5.0,15.0,2.0,2.0,7.0,10.0,5.0,8.0,27.0,9.0,24.0,8.0,-5.0,0.0,4.0,6.0,11.0,6.0
2021-08-20,-9.0,14.0,7.0,5.0,14.0,1.0,1.0,8.0,10.0,5.0,10.0,29.0,9.0,26.0,7.0,-5.0,0.0,4.0,9.0,13.0,5.0
2021-08-21,-11.0,12.0,6.0,4.0,14.0,-8.0,-4.0,-2.0,8.0,-4.0,8.0,25.0,6.0,20.0,4.0,-9.0,-7.0,-2.0,8.0,9.0,1.0
2021-08-22,-11.0,11.0,5.0,5.0,12.0,-6.0,-3.0,-3.0,8.0,-6.0,7.0,24.0,4.0,18.0,5.0,-10.0,-7.0,-4.0,9.0,9.0,2.0
2021-08-23,-7.0,14.0,7.0,5.0,13.0,4.0,2.0,7.0,9.0,4.0,8.0,25.0,8.0,22.0,5.0,-5.0,4.0,3.0,9.0,10.0,6.0
2021-08-24,-8.0,15.0,6.0,5.0,12.0,4.0,1.0,7.0,9.0,4.0,8.0,25.0,8.0,23.0,5.0,-4.0,2.0,4.0,9.0,10.0,6.0
2021-08-25,-10.0,15.0,6.0,6.0,13.0,1.0,3.0,4.0,8.0,4.0,8.0,26.0,9.0,23.0,4.0,-2.0,1.0,4.0,8.0,11.0,6.0
2021-08-26,9.0,15.0,7.0,5.0,13.0,4.0,2.0,6.0,8.0,4.0,8.0,26.0,9.0,23.0,5.0,-4.0,1.0,3.0,5.0,11.0,6.0
2021-08-27,-5.0,15.0,6.0,5.0,14.0,3.0,2.0,7.0,9.0,4.0,10.0,27.0,8.0,25.0,5.0,-2.0,2.0,3.0,9.0,13.0,6.0
2021-08-28,-6.0,12.0,6.0,6.0,11.0,-4.0,-2.0,-2.0,7.0,-2.0,8.0,24.0,4.0,18.0,3.0,-6.0,-2.0,-2.0,7.0,10.0,2.0
2021-08-29,-5.0,11.0,5.0,7.0,10.0,-3.0,-1.0,-3.0,7.0,-4.0,6.0,23.0,4.0,17.0,4.0,-5.0,-2.0,-4.0,7.0,9.0,2.0
2021-08-30,-4.0,13.0,10.0,5.0,12.0,4.0,2.0,5.0,8.0,2.0,8.0,24.0,8.0,27.0,5.0,-5.0,2.0,3.0,8.0,10.0,6.0
2021-08-31,-4.0,14.0,5.0,5.0,11.0,5.0,1.0,5.0,8.0,3.0,8.0,32.0,8.0,21.0,4.0,-5.0,2.0,3.0,8.0,10.0,6.0
2021-09-01,-4.0,14.0,6.0,5.0,11.0,2.0,0.0,4.0,7.0,2.0,8.0,24.0,8.0,23.0,5.0,-5.0,1.0,4.0,6.0,9.0,6.0
2021-09-02,-3.0,14.0,6.0,4.0,11.0,0.0,0.0,4.0,7.0,3.0,9.0,25.0,8.0,23.0,6.0,-5.0,0.0,3.0,3.0,9.0,6.0
2021-09-03,-3.0,15.0,6.0,3.0,12.0,-2.0,-1.0,4.0,8.0,2.0,11.0,25.0,8.0,24.0,5.0,-6.0,-2.0,2.0,7.0,10.0,5.0
2021-09-04,-5.0,12.0,5.0,3.0,9.0,-6.0,-4.0,-1.0,5.0,-2.0,9.0,23.0,4.0,19.0,4.0,-8.0,-5.0,-2.0,8.0,7.0,1.0
2021-09-05,-6.0,10.0,5.0,4.0,10.0,-6.0,-3.0,-3.0,5.0,-4.0,7.0,21.0,3.0,17.0,5.0,-7.0,-5.0,-4.0,8.0,6.0,0.0
2021-09-06,-2.0,13.0,5.0,6.0,11.0,0.0,1.0,2.0,7.0,2.0,8.0,23.0,8.0,22.0,5.0,-6.0,0.0,2.0,6.0,7.0,16.0
2021-09-07,-2.0,13.0,5.0,15.0,11.0,0.0,1.0,1.0,7.0,2.0,8.0,22.0,8.0,23.0,5.0,-5.0,0.0,2.0,6.0,8.0,6.0
2021-09-08,-2.0,13.0,5.0,4.0,10.0,0.0,1.0,2.0,7.0,2.0,8.0,23.0,8.0,26.0,5.0,-5.0,0.0,3.0,5.0,9.0,6.0
2021-09-09,-2.0,14.0,5.0,4.0,10.0,-1.0,0.0,2.0,7.0,2.0,8.0,23.0,8.0,22.0,5.0,-5.0,-1.0,2.0,2.0,9.0,6.0
2021-09-10,-1.0,13.0,5.0,4.0,11.0,-2.0,0.0,2.0,7.0,2.0,9.0,23.0,8.0,24.0,5.0,-5.0,-2.0,1.0,7.0,10.0,4.0
2021-09-11,-3.0,10.0,5.0,4.0,11.0,-5.0,-2.0,-2.0,6.0,-2.0,8.0,20.0,4.0,20.0,3.0,-7.0,-5.0,-2.0,3.0,6.0,1.0
2021-09-12,-3.0,10.0,3.0,5.0,12.0,-5.0,-1.0,-3.0,6.0,-4.0,6.0,18.0,3.0,18.0,5.0,-8.0,-5.0,-3.0,17.0,6.0,2.0
2021-09-13,0.0,12.0,5.0,4.0,11.0,1.0,2.0,1.0,7.0,1.0,7.0,22.0,7.0,21.0,5.0,-5.0,0.0,2.0,7.0,7.0,6.0
2021-09-14,-1.0,13.0,6.0,4.0,9.0,0.0,1.0,2.0,8.0,1.0,8.0,20.0,6.0,22.0,5.0,-4.0,0.0,3.0,5.0,8.0,6.0
2021-09-15,0.0,13.0,5.0,5.0,8.0,0.0,2.0,2.0,6.0,1.0,7.0,20.0,3.0,22.0,5.0,-4.0,0.0,2.0,5.0,8.0,5.0
2021-09-16,0.0,13.0,5.0,5.0,7.0,0.0,1.0,1.0,6.0,1.0,7.0,29.0,16.0,22.0,5.0,-4.0,1.0,1.0,2.0,9.0,6.0
2021-09-17,-1.0,13.0,6.0,4.0,19.0,0.0,1.0,2.0,7.0,1.0,10.0,22.0,9.0,23.0,5.0,-3.0,3.0,-1.0,4.0,9.0,4.0
2021-09-18,-4.0,10.0,5.0,4.0,10.0,-3.0,-2.0,-1.0,5.0,-2.0,9.0,19.0,4.0,17.0,4.0,-5.0,-2.0,-1.0,4.0,5.0,1.0
2021-09-19,-2.0,9.0,5.0,4.0,8.0,-3.0,-1.0,-1.0,6.0,0.0,3.0,18.0,3.0,17.0,5.0,-6.0,1.0,-2.0,3.0,6.0,1.0
2021-09-20,0.0,12.0,5.0,5.0,10.0,2.0,2.0,2.0,6.0,1.0,17.0,20.0,7.0,22.0,4.0,-3.0,3.0,1.0,13.0,7.0,5.0
2021-09-21,1.0,13.0,5.0,4.0,10.0,1.0,2.0,2.0,7.0,1.0,6.0,20.0,7.0,22.0,4.0,-3.0,2.0,2.0,17.0,7.0,6.0
2021-09-22,0.0,13.0,5.0,5.0,11.0,2.0,1.0,2.0,6.0,1.0,5.0,20.0,8.0,22.0,3.0,-2.0,1.0,2.0,5.0,8.0,6.0
2021-09-23,1.0,13.0,5.0,4.0,11.0,1.0,3.0,1.0,7.0,1.0,18.0,20.0,8.0,22.0,12.0,-3.0,1.0,2.0,2.0,7.0,5.0
2021-09-24,0.0,15.0,5.0,4.0,11.0,0.0,1.0,2.0,7.0,0.0,8.0,20.0,8.0,23.0,4.0,-4.0,0.0,1.0,6.0,11.0,4.0
2021-09-25,-4.0,10.0,5.0,4.0,10.0,-5.0,-2.0,-1.0,4.0,-2.0,6.0,17.0,3.0,17.0,3.0,-7.0,-4.0,-1.0,6.0,7.0,0.0
2021-09-26,-3.0,9.0,4.0,5.0,10.0,-4.0,-1.0,-1.0,5.0,1.0,5.0,16.0,3.0,15.0,5.0,-7.0,-4.0,-2.0,6.0,6.0,1.0
2021-09-27,0.0,13.0,5.0,4.0,11.0,5.0,3.0,2.0,6.0,1.0,6.0,18.0,7.0,21.0,4.0,-4.0,2.0,1.0,5.0,6.0,5.0
2021-09-28,0.0,13.0,5.0,4.0,10.0,17.0,1.0,2.0,6.0,1.0,6.0,18.0,7.0,21.0,4.0,-3.0,1.0,1.0,5.0,6.0,5.0
2021-09-29,0.0,14.0,5.0,4.0,10.0,1.0,2.0,2.0,6.0,1.0,6.0,18.0,7.0,21.0,4.0,-3.0,1.0,1.0,5.0,6.0,5.0
2021-09-30,-1.0,14.0,4.0,4.0,10.0,1.0,1.0,1.0,6.0,1.0,6.0,18.0,7.0,21.0,5.0,-2.0,1.0,1.0,2.0,6.0,5.0
2021-10-01,-1.0,14.0,4.0,4.0,10.0,0.0,1.0,3.0,6.0,1.0,10.0,18.0,7.0,22.0,4.0,-4.0,0.0,-1.0,5.0,5.0,4.0
2021-10-02,-5.0,10.0,4.0,4.0,8.0,-3.0,-1.0,0.0,3.0,-1.0,5.0,15.0,2.0,16.0,3.0,-6.0,-3.0,-2.0,5.0,2.0,1.0
2021-10-03,-4.0,8.0,4.0,6.0,9.0,-3.0,1.0,1.0,4.0,0.0,4.0,13.0,2.0,15.0,4.0,-6.0,-1.0,1.0,5.0,1.0,1.0
2021-10-04,-2.0,18.0,4.0,4.0,10.0,1.0,2.0,3.0,5.0,2.0,5.0,16.0,6.0,21.0,4.0,-5.0,1.0,1.0,5.0,3.0,5.0
2021-10-05,-1.0,12.0,4.0,4.0,9.0,1.0,2.0,3.0,5.0,3.0,5.0,16.0,7.0,21.0,4.0,-4.0,2.0,1.0,4.0,3.0,5.0
2021-10-06,-1.0,12.0,5.0,3.0,9.0,2.0,2.0,2.0,5.0,3.0,5.0,16.0,7.0,21.0,4.0,-2.0,4.0,1.0,4.0,5.0,5.0
2021-10-07,-1.0,12.0,4.0,3.0,9.0,2.0,1.0,1.0,5.0,3.0,5.0,17.0,7.0,21.0,5.0,-1.0,4.0,0.0,1.0,5.0,5.0
2021-10-08,-2.0,11.0,4.0,2.0,10.0,-1.0,1.0,2.0,6.0,2.0,6.0,16.0,7.0,22.0,4.0,-1.0,2.0,-2.0,3.0,5.0,5.0
2021-10-09,-6.0,8.0,4.0,3.0,7.0,-2.0,-1.0,-1.0,3.0,0.0,5.0,13.0,3.0,16.0,3.0,-1.0,-1.0,-3.0,3.0,2.0,1.0
2021-10-10,-3.0,9.0,3.0,6.0,7.0,-1.0,0.0,-1.0,4.0,1.0,3.0,12.0,2.0,14.0,4.0,-1.0,3.0,-1.0,2.0,1.0,1.0
2021-10-11,-1.0,10.0,4.0,7.0,20.0,2.0,3.0,2.0,5.0,3.0,6.0,14.0,6.0,20.0,4.0,-2.0,2.0,2.0,17.0,4.0,7.0
2021-10-12,-2.0,10.0,4.0,13.0,8.0,2.0,2.0,2.0,5.0,2.0,6.0,14.0,7.0,21.0,5.0,-2.0,2.0,11.0,5.0,4.0,5.0
2021-10-13,-3.0,11.0,4.0,3.0,10.0,2.0,2.0,2.0,5.0,2.0,6.0,14.0,7.0,20.0,4.0,-2.0,2.0,1.0,4.0,10.0,5.0
2021-10-14,-2.0,11.0,4.0,4.0,10.0,2.0,2.0,1.0,5.0,2.0,5.0,14.0,6.0,20.0,5.0,-2.0,1.0,1.0,1.0,5.0,5.0
2021-10-15,-5.0,10.0,4.0,4.0,11.0,1.0,2.0,2.0,6.0,2.0,5.0,13.0,5.0,21.0,4.0,-2.0,0.0,0.0,3.0,6.0,4.0
2021-10-16,-7.0,7.0,4.0,4.0,8.0,-1.0,-1.0,0.0,4.0,0.0,4.0,10.0,2.0,14.0,3.0,-3.0,-2.0,-1.0,4.0,3.0,0.0
2021-10-17,-7.0,6.0,3.0,6.0,9.0,-1.0,0.0,-1.0,5.0,0.0,4.0,9.0,1.0,13.0,4.0,-4.0,-1.0,0.0,5.0,4.0,1.0
2021-10-18,-5.0,9.0,5.0,5.0,14.0,2.0,5.0,3.0,6.0,2.0,5.0,12.0,6.0,19.0,4.0,-3.0,1.0,1.0,4.0,4.0,5.0
2021-10-19,-5.0,10.0,6.0,4.0,9.0,2.0,5.0,2.0,5.0,2.0,6.0,18.0,6.0,20.0,5.0,-3.0,2.0,1.0,3.0,4.0,5.0
2021-10-20,-6.0,9.0,13.0,4.0,10.0,1.0,6.0,3.0,12.0,2.0,5.0,14.0,6.0,20.0,5.0,-4.0,1.0,1.0,3.0,3.0,5.0
2021-10-21,-6.0,9.0,4.0,3.0,10.0,2.0,6.0,2.0,5.0,3.0,5.0,14.0,6.0,20.0,6.0,-4.0,2.0,1.0,0.0,4.0,5.0
2021-10-22,-8.0,7.0,5.0,3.0,10.0,2.0,6.0,3.0,6.0,2.0,6.0,14.0,6.0,21.0,5.0,-2.0,2.0,1.0,4.0,7.0,4.0
2021-10-23,-8.0,5.0,4.0,3.0,8.0,0.0,-1.0,0.0,4.0,0.0,4.0,11.0,2.0,15.0,4.0,-2.0,0.0,-1.0,5.0,3.0,1.0
2021-10-24,-7.0,5.0,4.0,6.0,10.0,0.0,0.0,-1.0,5.0,1.0,2.0,9.0,2.0,13.0,6.0,-3.0,0.0,0.0,5.0,0.0,2.0
2021-10-25,-7.0,8.0,5.0,4.0,10.0,3.0,3.0,5.0,5.0,3.0,5.0,12.0,6.0,19.0,5.0,-3.0,4.0,1.0,4.0,3.0,6.0
2021-10-26,-6.0,8.0,5.0,3.0,9.0,3.0,2.0,4.0,5.0,3.0,5.0,12.0,6.0,19.0,5.0,-3.0,5.0,1.0,3.0,3.0,6.0
2021-10-27,-8.0,8.0,5.0,4.0,9.0,1.0,3.0,3.0,5.0,2.0,4.0,12.0,6.0,19.0,4.0,-2.0,3.0,1.0,3.0,3.0,5.0
2021-10-28,-7.0,8.0,5.0,3.0,9.0,18.0,2.0,3.0,5.0,2.0,4.0,13.0,5.0,18.0,4.0,-2.0,3.0,1.0,0.0,4.0,5.0
2021-10-29,-9.0,7.0,6.0,3.0,8.0,9.0,1.0,5.0,5.0,2.0,5.0,12.0,4.0,19.0,4.0,-3.0,4.0,0.0,3.0,4.0,5.0
2021-10-30,-12.0,3.0,4.0,2.0,5.0,-1.0,-1.0,0.0,3.0,-1.0,3.0,9.0,-1.0,12.0,3.0,-4.0,-2.0,0.0,3.0,1.0,1.0
2021-10-31,-12.0,3.0,3.0,5.0,4.0,-3.0,0.0,-1.0,4.0,0.0,2.0,7.0,-2.0,10.0,4.0,-5.0,-2.0,-1.0,3.0,0.0,1.0
2021-11-01,7.0,6.0,4.0,7.0,19.0,3.0,3.0,17.0,5.0,17.0,4.0,11.0,5.0,24.0,4.0,-3.0,24.0,11.0,4.0,1.0,6.0
2021-11-02,-11.0,8.0,4.0,15.0,8.0,3.0,2.0,5.0,5.0,3.0,4.0,10.0,9.0,19.0,4.0,-2.0,3.0,1.0,3.0,1.0,6.0
2021-11-03,-10.0,7.0,4.0,2.0,9.0,3.0,3.0,4.0,4.0,4.0,16.0,9.0,5.0,18.0,3.0,-3.0,5.0,2.0,3.0,1.0,5.0
2021-11-04,-10.0,7.0,5.0,2.0,9.0,4.0,3.0,5.0,5.0,3.0,4.0,17.0,6.0,18.0,5.0,-2.0,4.0,2.0,0.0,2.0,6.0
2021-11-05,-11.0,5.0,5.0,2.0,9.0,4.0,2.0,6.0,6.0,3.0,5.0,13.0,6.0,20.0,4.0,-1.0,4.0,2.0,2.0,2.0,5.0
2021-11-06,-11.0,3.0,5.0,3.0,7.0,1.0,1.0,1.0,3.0,2.0,3.0,8.0,3.0,13.0,3.0,-2.0,3.0,1.0,2.0,0.0,2.0
2021-11-07,-9.0,4.0,4.0,4.0,9.0,2.0,1.0,1.0,5.0,2.0,3.0,6.0,2.0,11.0,4.0,-3.0,4.0,1.0,2.0,-2.0,2.0
2021-11-08,-10.0,6.0,4.0,2.0,9.0,4.0,3.0,3.0,5.0,4.0,5.0,10.0,5.0,18.0,4.0,0.0,6.0,2.0,4.0,1.0,5.0
2021-11-09,-11.0,6.0,4.0,2.0,8.0,4.0,3.0,2.0,5.0,3.0,6.0,11.0,6.0,19.0,4.0,-1.0,5.0,3.0,3.0,1.0,5.0
2021-11-10,-10.0,7.0,4.0,2.0,8.0,4.0,3.0,0.0,5.0,3.0,4.0,12.0,5.0,18.0,4.0,-3.0,5.0,2.0,3.0,1.0,5.0
2021-11-11,-8.0,6.0,4.0,2.0,9.0,4.0,3.0,19.0,5.0,3.0,4.0,12.0,5.0,18.0,5.0,5.0,4.0,2.0,-1.0,2.0,8.0
2021-11-12,-8.0,6.0,5.0,2.0,9.0,4.0,3.0,9.0,6.0,3.0,5.0,12.0,5.0,19.0,4.0,1.0,5.0,2.0,3.0,3.0,6.0
2021-11-13,-8.0,3.0,6.0,2.0,7.0,2.0,1.0,2.0,4.0,2.0,3.0,10.0,0.0,13.0,3.0,-3.0,4.0,0.0,3.0,0.0,2.0
2021-11-14,-8.0,3.0,4.0,3.0,9.0,2.0,1.0,1.0,5.0,4.0,2.0,8.0,-1.0,10.0,5.0,-4.0,6.0,0.0,2.0,-2.0,2.0
2021-11-15,-8.0,5.0,5.0,12.0,9.0,5.0,4.0,3.0,6.0,4.0,4.0,11.0,11.0,17.0,5.0,-3.0,5.0,2.0,3.0,0.0,6.0
2021-11-16,-7.0,6.0,5.0,1.0,8.0,3.0,2.0,3.0,5.0,4.0,4.0,11.0,4.0,18.0,5.0,-3.0,6.0,2.0,2.0,1.0,5.0
2021-11-17,-9.0,5.0,5.0,3.0,9.0,22.0,4.0,3.0,5.0,4.0,4.0,11.0,5.0,18.0,5.0,-3.0,5.0,2.0,2.0,1.0,5.0
2021-11-18,-8.0,5.0,5.0,3.0,9.0,6.0,4.0,2.0,5.0,3.0,4.0,12.0,5.0,18.0,5.0,-2.0,5.0,2.0,0.0,1.0,5.0
2021-11-19,-9.0,4.0,5.0,3.0,10.0,7.0,4.0,4.0,6.0,3.0,4.0,11.0,6.0,19.0,5.0,-2.0,5.0,2.0,2.0,-1.0,5.0
2021-11-20,-10.0,2.0,5.0,4.0,8.0,3.0,1.0,2.0,4.0,1.0,2.0,10.0,2.0,12.0,5.0,-3.0,2.0,2.0,2.0,-1.0,2.0
2021-11-21,-8.0,3.0,4.0,4.0,7.0,3.0,1.0,2.0,4.0,2.0,2.0,8.0,1.0,10.0,5.0,-4.0,3.0,2.0,1.0,-1.0,2.0
2021-11-22,-8.0,5.0,5.0,2.0,10.0,6.0,4.0,4.0,5.0,4.0,6.0,11.0,5.0,17.0,5.0,-3.0,6.0,3.0,4.0,1.0,6.0
2021-11-23,-8.0,5.0,5.0,2.0,9.0,5.0,3.0,3.0,6.0,3.0,17.0,11.0,5.0,18.0,4.0,-2.0,5.0,4.0,4.0,1.0,6.0
2021-11-24,-8.0,6.0,5.0,2.0,9.0,6.0,4.0,4.0,5.0,3.0,3.0,11.0,5.0,18.0,4.0,-3.0,5.0,4.0,3.0,1.0,6.0
2021-11-25,-9.0,5.0,5.0,2.0,8.0,6.0,3.0,4.0,5.0,5.0,4.0,11.0,5.0,17.0,4.0,-3.0,5.0,3.0,-1.0,1.0,19.0
2021-11-26,-10.0,4.0,6.0,1.0,9.0,7.0,2.0,5.0,6.0,4.0,4.0,11.0,6.0,18.0,3.0,-2.0,7.0,2.0,3.0,1.0,15.0
2021-11-27,-9.0,2.0,4.0,2.0,7.0,5.0,1.0,3.0,4.0,3.0,4.0,8.0,1.0,11.0,2.0,-3.0,5.0,2.0,4.0,-2.0,4.0
2021-11-28,-8.0,2.0,4.0,3.0,8.0,5.0,1.0,2.0,5.0,4.0,2.0,7.0,0.0,10.0,3.0,-3.0,6.0,3.0,2.0,-4.0,3.0
2021-11-29,-9.0,4.0,4.0,3.0,9.0,7.0,4.0,4.0,5.0,4.0,4.0,10.0,4.0,16.0,2.0,-2.0,5.0,3.0,3.0,0.0,6.0
2021-11-30,-8.0,5.0,4.0,2.0,7.0,7.0,3.0,4.0,5.0,3.0,4.0,9.0,4.0,20.0,2.0,-2.0,5.0,2.0,3.0,0.0,6.0
2021-12-01,-9.0,5.0,4.0,2.0,7.0,7.0,6.0,4.0,4.0,4.0,5.0,10.0,4.0,16.0,2.0,-3.0,5.0,3.0,3.0,0.0,5.0
2021-12-02,-9.0,4.0,4.0,1.0,8.0,7.0,5.0,4.0,4.0,5.0,4.0,11.0,4.0,17.0,4.0,-3.0,6.0,2.0,0.0,0.0,6.0
2021-12-03,-10.0,3.0,5.0,1.0,7.0,7.0,4.0,5.0,5.0,4.0,5.0,11.0,4.0,18.0,3.0,-1.0,4.0,1.0,2.0,1.0,5.0
2021-12-04,-11.0,1.0,4.0,1.0,6.0,5.0,1.0,3.0,4.0,2.0,3.0,8.0,0.0,12.0,2.0,-2.0,2.0,-1.0,2.0,-2.0,2.0
2021-12-05,-9.0,2.0,5.0,3.0,7.0,4.0,2.0,2.0,5.0,3.0,3.0,7.0,-1.0,9.0,4.0,-1.0,7.0,1.0,2.0,-3.0,3.0
2021-12-06,-8.0,4.0,12.0,2.0,8.0,6.0,4.0,4.0,6.0,4.0,4.0,10.0,4.0,16.0,4.0,-2.0,4.0,12.0,3.0,5.0,6.0
2021-12-07,-9.0,5.0,5.0,2.0,4.0,6.0,4.0,4.0,6.0,2.0,5.0,9.0,4.0,16.0,4.0,-2.0,4.0,5.0,3.0,-1.0,6.0
2021-12-08,-11.0,5.0,4.0,4.0,19.0,6.0,5.0,4.0,4.0,21.0,5.0,10.0,4.0,20.0,4.0,-3.0,5.0,16.0,2.0,0.0,6.0
2021-12-09,11.0,4.0,3.0,1.0,6.0,6.0,5.0,4.0,5.0,5.0,4.0,10.0,3.0,16.0,4.0,-2.0,8.0,3.0,-1.0,-1.0,6.0
2021-12-10,-10.0,3.0,4.0,1.0,7.0,6.0,6.0,6.0,5.0,5.0,4.0,9.0,3.0,17.0,3.0,-2.0,5.0,3.0,2.0,5.0,6.0
2021-12-11,-10.0,0.0,3.0,0.0,6.0,4.0,3.0,2.0,3.0,3.0,3.0,8.0,-1.0,11.0,3.0,-1.0,3.0,1.0,0.0,-1.0,2.0
2021-12-12,-9.0,1.0,2.0,2.0,7.0,3.0,2.0,1.0,3.0,3.0,2.0,5.0,-2.0,8.0,5.0,1.0,3.0,2.0,2.0,-3.0,2.0
2021-12-13,-5.0,4.0,3.0,3.0,7.0,6.0,6.0,4.0,4.0,3.0,4.0,10.0,3.0,15.0,4.0,-1.0,4.0,2.0,3.0,-1.0,6.0
2021-12-14,-5.0,4.0,3.0,3.0,6.0,5.0,6.0,4.0,4.0,3.0,5.0,10.0,3.0,16.0,4.0,-2.0,4.0,2.0,2.0,-1.0,6.0
2021-12-15,-7.0,4.0,1.0,3.0,6.0,5.0,7.0,3.0,4.0,2.0,3.0,10.0,1.0,15.0,4.0,-2.0,3.0,2.0,2.0,-1.0,5.0
2021-12-16,-6.0,3.0,8.0,1.0,6.0,5.0,7.0,3.0,5.0,3.0,4.0,10.0,1.0,14.0,5.0,-2.0,3.0,2.0,-2.0,0.0,5.0
2021-12-17,-9.0,3.0,2.0,1.0,7.0,5.0,8.0,5.0,5.0,3.0,5.0,11.0,2.0,15.0,4.0,-2.0,2.0,2.0,2.0,0.0,5.0
2021-12-18,-14.0,1.0,2.0,0.0,4.0,3.0,3.0,1.0,3.0,1.0,4.0,10.0,-3.0,7.0,3.0,-2.0,0.0,1.0,2.0,-2.0,2.0
2021-12-19,-8.0,2.0,2.0,2.0,6.0,4.0,3.0,1.0,3.0,2.0,3.0,8.0,-3.0,7.0,5.0,-3.0,2.0,2.0,1.0,-2.0,2.0
2021-12-20,-7.0,5.0,3.0,2.0,6.0,7.0,9.0,7.0,5.0,2.0,4.0,10.0,3.0,12.0,4.0,-3.0,3.0,3.0,3.0,-1.0,7.0
2021-12-21,-6.0,6.0,3.0,2.0,4.0,7.0,9.0,7.0,5.0,2.0,4.0,9.0,3.0,12.0,4.0,-3.0,3.0,4.0,5.0,-1.0,7.0
2021-12-22,-7.0,6.0,3.0,2.0,4.0,8.0,9.0,6.0,4.0,2.0,4.0,10.0,3.0,12.0,5.0,-3.0,3.0,4.0,3.0,-1.0,7.0
2021-12-23,-9.0,7.0,3.0,1.0,3.0,18.0,12.0,7.0,5.0,3.0,4.0,10.0,2.0,10.0,5.0,-3.0,2.0,5.0,-1.0,-1.0,9.0
2021-12-24,-11.0,10.0,2.0,6.0,12.0,32.0,14.0,10.0,5.0,12.0,5.0,9.0,6.0,14.0,4.0,-2.0,13.0,12.0,3.0,-1.0,16.0
2021-12-25,-5.0,4.0,4.0,5.0,12.0,7.0,6.0,4.0,7.0,10.0,4.0,9.0,7.0,10.0,4.0,-3.0,10.0,10.0,3.0,-3.0,10.0
2021-12-26,-7.0,2.0,2.0,3.0,7.0,3.0,2.0,0.0,4.0,6.0,4.0,5.0,0.0,5.0,5.0,-2.0,4.0,4.0,4.0,-3.0,4.0
2021-12-27,11.0,15.0,3.0,7.0,8.0,17.0,15.0,13.0,6.0,11.0,6.0,10.0,7.0,14.0,4.0,-2.0,11.0,8.0,5.0,-1.0,13.0
2021-12-28,15.0,17.0,3.0,7.0,7.0,17.0,17.0,14.0,5.0,11.0,6.0,9.0,7.0,14.0,3.0,-3.0,11.0,9.0,3.0,-1.0,12.0
2021-12-29,-3.0,14.0,3.0,6.0,7.0,18.0,16.0,12.0,5.0,11.0,13.0,10.0,7.0,13.0,4.0,-3.0,10.0,8.0,2.0,-1.0,12.0
2021-12-30,-3.0,14.0,3.0,5.0,5.0,18.0,16.0,12.0,5.0,11.0,18.0,11.0,5.0,16.0,4.0,-4.0,10.0,7.0,-2.0,-1.0,13.0
2021-12-31,-6.0,12.0,2.0,9.0,12.0,23.0,19.0,13.0,4.0,15.0,26.0,10.0,8.0,20.0,3.0,3.0,19.0,13.0,11.0,3.0,17.0
2022-01-01,-1.0,10.0,2.0,6.0,10.0,8.0,7.0,7.0,6.0,13.0,15.0,11.0,7.0,17.0,3.0,5.0,7.0,10.0,4.0,0.0,12.0
2022-01-02,-6.0,4.0,3.0,4.0,6.0,5.0,7.0,3.0,3.0,6.0,3.0,8.0,1.0,9.0,5.0,-2.0,2.0,2.0,2.0,-3.0,7.0
2022-01-03,-4.0,18.0,4.0,7.0,9.0,8.0,11.0,8.0,4.0,13.0,21.0,11.0,7.0,18.0,4.0,8.0,8.0,7.0,3.0,5.0,13.0
2022-01-04,-4.0,13.0,3.0,7.0,8.0,8.0,11.0,9.0,4.0,13.0,15.0,10.0,7.0,20.0,4.0,2.0,8.0,8.0,3.0,2.0,11.0
2022-01-05,-4.0,15.0,4.0,7.0,8.0,8.0,10.0,9.0,4.0,12.0,8.0,11.0,6.0,20.0,5.0,1.0,9.0,8.0,3.0,3.0,10.0
2022-01-06,-2.0,15.0,3.0,7.0,8.0,8.0,9.0,9.0,5.0,23.0,8.0,11.0,8.0,21.0,6.0,6.0,9.0,20.0,0.0,3.0,11.0
2022-01-07,-1.0,15.0,3.0,7.0,9.0,8.0,11.0,11.0,5.0,16.0,8.0,11.0,10.0,23.0,4.0,18.0,9.0,13.0,3.0,4.0,13.0
2022-01-08,-2.0,9.0,2.0,7.0,6.0,6.0,7.0,7.0,3.0,9.0,5.0,8.0,6.0,18.0,3.0,4.0,6.0,7.0,4.0,1.0,7.0
2022-01-09,-3.0,7.0,2.0,8.0,7.0,5.0,6.0,6.0,4.0,10.0,4.0,7.0,4.0,16.0,4.0,0.0,7.0,6.0,4.0,1.0,7.0
2022-01-10,-2.0,11.0,4.0,6.0,8.0,6.0,8.0,8.0,4.0,10.0,19.0,9.0,8.0,21.0,4.0,3.0,7.0,6.0,3.0,3.0,10.0
2022-01-11,0.0,12.0,4.0,6.0,8.0,6.0,8.0,8.0,5.0,9.0,7.0,9.0,9.0,22.0,4.0,4.0,8.0,6.0,4.0,3.0,10.0
2022-01-12,1.0,13.0,4.0,7.0,8.0,6.0,8.0,7.0,5.0,10.0,6.0,10.0,10.0,22.0,4.0,5.0,8.0,7.0,4.0,4.0,9.0
2022-01-13,1.0,13.0,4.0,6.0,8.0,6.0,8.0,8.0,4.0,10.0,6.0,10.0,10.0,23.0,6.0,5.0,8.0,7.0,0.0,4.0,9.0
2022-01-14,-1.0,11.0,5.0,6.0,9.0,6.0,9.0,9.0,5.0,10.0,7.0,10.0,11.0,24.0,4.0,5.0,8.0,7.0,3.0,5.0,10.0
2022-01-15,-2.0,6.0,4.0,5.0,6.0,3.0,5.0,5.0,5.0,7.0,6.0,9.0,7.0,17.0,4.0,2.0,4.0,5.0,3.0,2.0,7.0
2022-01-16,-2.0,5.0,4.0,5.0,6.0,3.0,5.0,4.0,6.0,7.0,6.0,8.0,5.0,15.0,6.0,0.0,4.0,5.0,4.0,2.0,7.0
2022-01-17,0.0,9.0,5.0,5.0,8.0,7.0,8.0,7.0,5.0,8.0,6.0,9.0,9.0,21.0,6.0,3.0,8.0,6.0,4.0,4.0,15.0
2022-01-18,0.0,11.0,5.0,6.0,8.0,7.0,8.0,7.0,6.0,8.0,7.0,15.0,10.0,22.0,6.0,3.0,8.0,6.0,4.0,4.0,9.0
2022-01-19,1.0,11.0,5.0,6.0,9.0,7.0,9.0,8.0,6.0,9.0,6.0,10.0,10.0,22.0,6.0,3.0,8.0,6.0,4.0,4.0,9.0
2022-01-20,2.0,11.0,6.0,6.0,9.0,8.0,9.0,8.0,7.0,9.0,7.0,10.0,11.0,22.0,7.0,4.0,9.0,7.0,1.0,4.0,10.0
2022-01-21,0.0,10.0,6.0,6.0,10.0,9.0,9.0,9.0,6.0,10.0,8.0,10.0,12.0,23.0,7.0,5.0,10.0,7.0,8.0,6.0,10.0
2022-01-22,-2.0,5.0,6.0,4.0,8.0,5.0,5.0,5.0,6.0,7.0,7.0,9.0,8.0,17.0,5.0,4.0,5.0,5.0,3.0,3.0,6.0
2022-01-23,-3.0,4.0,6.0,4.0,7.0,4.0,5.0,3.0,7.0,7.0,7.0,8.0,6.0,15.0,5.0,3.0,6.0,5.0,6.0,2.0,5.0
2022-01-24,0.0,9.0,7.0,5.0,9.0,8.0,9.0,7.0,6.0,8.0,7.0,9.0,9.0,21.0,5.0,4.0,10.0,5.0,6.0,3.0,9.0
2022-01-25,-1.0,8.0,7.0,6.0,9.0,8.0,8.0,8.0,6.0,8.0,8.0,8.0,9.0,21.0,5.0,4.0,9.0,6.0,5.0,3.0,8.0
2022-01-26,-1.0,18.0,7.0,6.0,9.0,8.0,9.0,7.0,6.0,8.0,7.0,8.0,10.0,21.0,5.0,4.0,9.0,6.0,5.0,3.0,8.0
2022-01-27,-1.0,10.0,7.0,5.0,10.0,9.0,8.0,8.0,6.0,8.0,8.0,9.0,9.0,20.0,5.0,4.0,10.0,5.0,2.0,4.0,8.0
2022-01-28,-2.0,9.0,7.0,6.0,11.0,10.0,8.0,9.0,7.0,8.0,9.0,8.0,10.0,21.0,5.0,4.0,10.0,5.0,8.0,4.0,8.0
2022-01-29,-5.0,5.0,6.0,6.0,7.0,6.0,6.0,4.0,5.0,6.0,8.0,6.0,5.0,15.0,4.0,2.0,5.0,3.0,8.0,2.0,7.0
2022-01-30,-4.0,4.0,6.0,6.0,6.0,6.0,4.0,3.0,6.0,5.0,7.0,5.0,3.0,13.0,4.0,2.0,4.0,2.0,8.0,1.0,4.0
2022-01-31,-3.0,7.0,7.0,5.0,9.0,8.0,6.0,7.0,6.0,7.0,7.0,11.0,7.0,18.0,4.0,2.0,9.0,4.0,18.0,2.0,7.0
2022-02-01,-2.0,8.0,6.0,4.0,10.0,9.0,6.0,7.0,14.0,7.0,8.0,14.0,7.0,23.0,3.0,2.0,9.0,4.0,18.0,1.0,6.0
2022-02-02,-3.0,9.0,6.0,5.0,10.0,9.0,6.0,6.0,6.0,7.0,8.0,14.0,7.0,19.0,4.0,2.0,8.0,4.0,11.0,1.0,9.0
2022-02-03,-3.0,8.0,6.0,4.0,10.0,8.0,6.0,6.0,7.0,7.0,8.0,12.0,8.0,20.0,5.0,2.0,8.0,3.0,13.0,1.0,13.0
2022-02-04,-3.0,7.0,9.0,3.0,11.0,10.0,7.0,7.0,8.0,7.0,10.0,12.0,9.0,21.0,4.0,2.0,8.0,3.0,17.0,3.0,13.0
2022-02-05,-4.0,4.0,5.0,3.0,7.0,4.0,3.0,2.0,7.0,5.0,9.0,10.0,5.0,14.0,3.0,1.0,3.0,2.0,7.0,0.0,4.0
2022-02-06,-3.0,4.0,4.0,4.0,6.0,4.0,4.0,3.0,8.0,5.0,8.0,9.0,2.0,12.0,4.0,-1.0,5.0,1.0,6.0,-1.0,3.0
2022-02-07,-2.0,6.0,5.0,2.0,9.0,8.0,6.0,6.0,8.0,6.0,8.0,11.0,15.0,18.0,4.0,2.0,12.0,3.0,7.0,1.0,7.0
2022-02-08,-2.0,7.0,5.0,2.0,9.0,7.0,6.0,5.0,9.0,5.0,8.0,10.0,6.0,19.0,4.0,1.0,19.0,3.0,7.0,1.0,6.0
2022-02-09,-3.0,7.0,6.0,3.0,10.0,7.0,6.0,4.0,9.0,5.0,7.0,13.0,7.0,19.0,4.0,0.0,5.0,3.0,7.0,2.0,6.0
2022-02-10,-4.0,7.0,6.0,2.0,10.0,6.0,6.0,5.0,9.0,5.0,10.0,14.0,6.0,19.0,5.0,-1.0,5.0,3.0,3.0,2.0,6.0
2022-02-11,-6.0,5.0,5.0,2.0,11.0,7.0,6.0,7.0,10.0,5.0,23.0,14.0,6.0,20.0,5.0,-1.0,7.0,2.0,5.0,3.0,6.0
2022-02-12,-4.0,3.0,5.0,3.0,8.0,1.0,3.0,1.0,8.0,3.0,8.0,12.0,3.0,13.0,4.0,-3.0,3.0,1.0,5.0,1.0,2.0
2022-02-13,-5.0,3.0,4.0,3.0,7.0,1.0,3.0,1.0,9.0,3.0,8.0,11.0,2.0,10.0,4.0,-2.0,2.0,1.0,5.0,0.0,2.0
2022-02-14,-6.0,5.0,4.0,2.0,8.0,5.0,7.0,6.0,9.0,4.0,7.0,12.0,3.0,14.0,4.0,-1.0,5.0,2.0,6.0,1.0,6.0
2022-02-15,-3.0,6.0,5.0,2.0,9.0,5.0,7.0,6.0,10.0,6.0,7.0,13.0,4.0,17.0,4.0,5.0,6.0,2.0,5.0,2.0,6.0
2022-02-16,-3.0,6.0,5.0,2.0,9.0,5.0,8.0,6.0,11.0,5.0,7.0,14.0,5.0,18.0,5.0,6.0,5.0,3.0,4.0,10.0,6.0
2022-02-17,-4.0,6.0,5.0,1.0,10.0,6.0,8.0,5.0,10.0,5.0,8.0,14.0,5.0,18.0,5.0,-1.0,4.0,2.0,2.0,3.0,7.0
2022-02-18,-2.0,5.0,4.0,1.0,11.0,5.0,9.0,8.0,11.0,5.0,9.0,15.0,5.0,18.0,5.0,0.0,3.0,2.0,5.0,3.0,7.0
2022-02-19,-5.0,2.0,4.0,2.0,7.0,2.0,3.0,1.0,9.0,3.0,8.0,13.0,2.0,13.0,5.0,-3.0,3.0,1.0,7.0,2.0,3.0
2022-02-20,-5.0,2.0,4.0,3.0,6.0,2.0,3.0,1.0,10.0,2.0,7.0,12.0,1.0,10.0,5.0,-1.0,2.0,0.0,9.0,2.0,2.0
2022-02-21,-5.0,6.0,11.0,1.0,9.0,5.0,6.0,6.0,11.0,5.0,7.0,13.0,4.0,17.0,3.0,-2.0,5.0,2.0,7.0,3.0,9.0
2022-02-22,-4.0,6.0,3.0,1.0,8.0,4.0,4.0,5.0,10.0,4.0,7.0,13.0,4.0,18.0,11.0,-2.0,3.0,2.0,6.0,3.0,7.0
2022-02-23,-3.0,7.0,5.0,1.0,9.0,4.0,5.0,4.0,11.0,4.0,19.0,14.0,4.0,18.0,5.0,-2.0,2.0,2.0,7.0,4.0,7.0
2022-02-24,-4.0,6.0,5.0,0.0,10.0,4.0,5.0,5.0,11.0,4.0,7.0,15.0,4.0,16.0,6.0,-2.0,3.0,2.0,1.0,4.0,8.0
2022-02-25,-4.0,6.0,5.0,0.0,10.0,5.0,5.0,6.0,12.0,4.0,7.0,15.0,5.0,22.0,5.0,-2.0,5.0,3.0,2.0,6.0,8.0
2022-02-26,-5.0,5.0,4.0,0.0,7.0,2.0,1.0,1.0,9.0,3.0,6.0,13.0,2.0,13.0,4.0,-2.0,1.0,1.0,2.0,4.0,2.0
2022-02-27,-6.0,5.0,4.0,0.0,7.0,1.0,1.0,-1.0,8.0,3.0,5.0,11.0,0.0,10.0,4.0,-1.0,2.0,-1.0,0.0,3.0,2.0
2022-02-28,-4.0,8.0,4.0,6.0,7.0,4.0,3.0,4.0,17.0,4.0,6.0,13.0,2.0,16.0,3.0,-2.0,3.0,3.0,12.0,4.0,5.0
2022-03-01,-3.0,7.0,6.0,9.0,7.0,4.0,3.0,4.0,10.0,5.0,7.0,14.0,3.0,17.0,4.0,-2.0,3.0,3.0,2.0,5.0,5.0
2022-03-02,-3.0,7.0,4.0,5.0,7.0,4.0,3.0,4.0,9.0,4.0,6.0,14.0,3.0,17.0,4.0,-2.0,3.0,2.0,3.0,5.0,4.0
2022-03-03,-1.0,8.0,4.0,1.0,7.0,4.0,3.0,4.0,18.0,4.0,7.0,15.0,4.0,17.0,5.0,-2.0,3.0,3.0,-1.0,6.0,4.0
2022-03-04,-1.0,6.0,6.0,2.0,7.0,5.0,3.0,5.0,13.0,5.0,8.0,16.0,4.0,19.0,8.0,-1.0,3.0,3.0,2.0,8.0,5.0
2022-03-05,-2.0,3.0,5.0,2.0,7.0,2.0,1.0,1.0,12.0,4.0,6.0,13.0,2.0,13.0,5.0,-2.0,1.0,1.0,3.0,6.0,1.0
2022-03-06,-2.0,4.0,4.0,3.0,9.0,2.0,0.0,0.0,11.0,3.0,5.0,11.0,1.0,11.0,5.0,0.0,3.0,2.0,3.0,5.0,2.0
2022-03-07,1.0,7.0,6.0,1.0,6.0,5.0,3.0,4.0,13.0,4.0,6.0,15.0,3.0,18.0,5.0,-1.0,2.0,3.0,6.0,8.0,6.0
2022-03-08,2.0,6.0,6.0,1.0,6.0,4.0,2.0,3.0,13.0,4.0,7.0,15.0,4.0,19.0,5.0,-1.0,1.0,3.0,3.0,9.0,5.0
2022-03-09,3.0,6.0,6.0,2.0,6.0,4.0,3.0,3.0,14.0,5.0,6.0,15.0,5.0,19.0,5.0,0.0,4.0,2.0,2.0,9.0,6.0
2022-03-10,5.0,5.0,6.0,2.0,6.0,4.0,3.0,3.0,15.0,5.0,6.0,16.0,4.0,19.0,6.0,1.0,2.0,2.0,-1.0,10.0,5.0
2022-03-11,7.0,4.0,7.0,2.0,8.0,5.0,3.0,6.0,17.0,5.0,7.0,17.0,5.0,21.0,7.0,2.0,3.0,3.0,2.0,12.0,6.0
2022-03-12,4.0,2.0,7.0,4.0,9.0,0.0,1.0,3.0,14.0,4.0,5.0,13.0,3.0,15.0,5.0,1.0,0.0,2.0,2.0,9.0,4.0
2022-03-13,3.0,2.0,6.0,5.0,9.0,0.0,1.0,2.0,14.0,4.0,4.0,12.0,2.0,13.0,7.0,0.0,1.0,1.0,2.0,9.0,2.0
2022-03-14,5.0,8.0,8.0,3.0,6.0,4.0,3.0,4.0,16.0,5.0,6.0,15.0,4.0,19.0,6.0,0.0,2.0,5.0,3.0,11.0,6.0
2022-03-15,7.0,5.0,7.0,3.0,5.0,4.0,3.0,4.0,16.0,5.0,6.0,15.0,4.0,19.0,6.0,0.0,3.0,4.0,2.0,11.0,5.0
2022-03-16,5.0,6.0,6.0,3.0,6.0,4.0,3.0,4.0,15.0,5.0,5.0,15.0,4.0,19.0,6.0,1.0,3.0,5.0,2.0,12.0,5.0
2022-03-17,6.0,5.0,12.0,2.0,6.0,4.0,3.0,4.0,15.0,5.0,6.0,16.0,4.0,19.0,9.0,1.0,2.0,4.0,0.0,12.0,5.0
2022-03-18,4.0,4.0,9.0,2.0,6.0,4.0,3.0,5.0,16.0,6.0,9.0,16.0,4.0,20.0,7.0,1.0,2.0,3.0,3.0,14.0,5.0
2022-03-19,4.0,3.0,12.0,3.0,8.0,0.0,0.0,1.0,13.0,4.0,5.0,13.0,2.0,14.0,6.0,-1.0,0.0,1.0,2.0,10.0,1.0
2022-03-20,3.0,3.0,5.0,5.0,10.0,0.0,0.0,0.0,14.0,3.0,2.0,12.0,0.0,12.0,7.0,-1.0,0.0,1.0,2.0,9.0,1.0
2022-03-21,7.0,5.0,7.0,3.0,6.0,3.0,3.0,4.0,15.0,5.0,17.0,15.0,13.0,19.0,6.0,0.0,2.0,4.0,4.0,12.0,5.0
2022-03-22,6.0,5.0,7.0,3.0,5.0,3.0,2.0,4.0,15.0,5.0,7.0,14.0,3.0,19.0,6.0,0.0,2.0,4.0,3.0,12.0,5.0
2022-03-23,4.0,6.0,7.0,3.0,6.0,2.0,2.0,4.0,15.0,4.0,5.0,16.0,4.0,19.0,6.0,-1.0,2.0,5.0,5.0,12.0,5.0
2022-03-24,5.0,5.0,7.0,2.0,6.0,2.0,2.0,3.0,14.0,4.0,5.0,14.0,4.0,19.0,6.0,-1.0,1.0,4.0,1.0,12.0,5.0
2022-03-25,3.0,5.0,7.0,2.0,7.0,3.0,2.0,5.0,15.0,4.0,5.0,13.0,5.0,19.0,7.0,0.0,1.0,4.0,2.0,13.0,4.0
2022-03-26,3.0,3.0,11.0,3.0,9.0,-1.0,0.0,1.0,12.0,2.0,6.0,10.0,2.0,13.0,6.0,-3.0,-2.0,2.0,3.0,9.0,1.0
2022-03-27,3.0,3.0,5.0,4.0,10.0,-1.0,0.0,-1.0,11.0,2.0,2.0,9.0,2.0,11.0,5.0,-3.0,-2.0,1.0,5.0,8.0,1.0
2022-03-28,5.0,6.0,7.0,3.0,6.0,2.0,3.0,4.0,14.0,4.0,5.0,12.0,4.0,18.0,5.0,-1.0,2.0,3.0,6.0,11.0,6.0
2022-03-29,5.0,7.0,7.0,2.0,8.0,3.0,2.0,4.0,14.0,4.0,5.0,12.0,4.0,19.0,5.0,-1.0,2.0,3.0,3.0,12.0,5.0
2022-03-30,5.0,6.0,7.0,2.0,5.0,4.0,3.0,5.0,13.0,6.0,4.0,12.0,4.0,19.0,4.0,-1.0,3.0,3.0,2.0,11.0,5.0
2022-03-31,4.0,6.0,6.0,2.0,5.0,4.0,1.0,4.0,12.0,6.0,5.0,12.0,3.0,18.0,4.0,1.0,4.0,3.0,-1.0,11.0,5.0
2022-04-01,3.0,5.0,7.0,1.0,5.0,4.0,1.0,7.0,14.0,5.0,6.0,10.0,3.0,19.0,5.0,0.0,3.0,1.0,3.0,12.0,4.0
2022-04-02,2.0,3.0,7.0,3.0,7.0,3.0,-1.0,3.0,16.0,4.0,3.0,9.0,2.0,13.0,13.0,1.0,4.0,0.0,6.0,10.0,1.0
2022-04-03,2.0,3.0,13.0,4.0,8.0,3.0,0.0,2.0,22.0,4.0,4.0,13.0,1.0,11.0,12.0,-1.0,3.0,1.0,5.0,9.0,1.0
2022-04-04,4.0,5.0,13.0,2.0,5.0,3.0,3.0,5.0,19.0,4.0,5.0,14.0,3.0,17.0,12.0,0.0,2.0,2.0,12.0,11.0,4.0
2022-04-05,6.0,5.0,12.0,1.0,4.0,4.0,1.0,4.0,19.0,3.0,5.0,14.0,3.0,20.0,12.0,-2.0,1.0,3.0,14.0,10.0,5.0
2022-04-06,5.0,6.0,13.0,1.0,5.0,3.0,3.0,4.0,18.0,4.0,4.0,14.0,3.0,19.0,12.0,-2.0,1.0,2.0,3.0,15.0,5.0
2022-04-07,6.0,6.0,12.0,1.0,5.0,3.0,2.0,4.0,17.0,4.0,5.0,15.0,3.0,19.0,14.0,0.0,1.0,1.0,1.0,11.0,5.0
2022-04-08,4.0,5.0,13.0,1.0,6.0,3.0,2.0,6.0,18.0,3.0,6.0,14.0,3.0,19.0,10.0,-2.0,1.0,0.0,4.0,12.0,4.0
2022-04-09,2.0,3.0,12.0,2.0,8.0,2.0,0.0,2.0,17.0,2.0,4.0,13.0,2.0,15.0,11.0,-3.0,3.0,-2.0,4.0,8.0,1.0
2022-04-10,1.0,2.0,10.0,3.0,9.0,2.0,0.0,-2.0,18.0,1.0,2.0,11.0,0.0,12.0,12.0,0.0,0.0,-2.0,4.0,7.0,0.0
2022-04-11,7.0,5.0,11.0,2.0,5.0,2.0,5.0,5.0,17.0,3.0,4.0,13.0,6.0,18.0,11.0,-1.0,1.0,2.0,4.0,11.0,5.0
2022-04-12,9.0,6.0,11.0,2.0,5.0,1.0,5.0,5.0,17.0,2.0,5.0,13.0,6.0,18.0,12.0,-2.0,0.0,3.0,4.0,11.0,4.0
2022-04-13,7.0,6.0,10.0,2.0,5.0,0.0,3.0,4.0,17.0,2.0,4.0,14.0,4.0,16.0,12.0,-3.0,0.0,0.0,4.0,16.0,4.0
2022-04-14,3.0,3.0,18.0,1.0,2.0,-1.0,13.0,3.0,15.0,3.0,6.0,13.0,8.0,23.0,14.0,-3.0,-1.0,4.0,2.0,18.0,4.0
2022-04-15,26.0,18.0,11.0,16.0,25.0,18.0,15.0,5.0,25.0,4.0,6.0,15.0,15.0,31.0,10.0,-2.0,2.0,11.0,5.0,19.0,7.0
2022-04-16,1.0,3.0,11.0,5.0,12.0,1.0,-3.0,-1.0,17.0,2.0,4.0,12.0,5.0,16.0,11.0,-3.0,2.0,-3.0,6.0,12.0,1.0
2022-04-17,-1.0,1.0,10.0,1.0,7.0,-2.0,-4.0,-4.0,17.0,1.0,3.0,11.0,-1.0,9.0,12.0,-1.0,0.0,-7.0,6.0,8.0,0.0
2022-04-18,19.0,14.0,11.0,3.0,5.0,18.0,14.0,14.0,17.0,8.0,5.0,12.0,5.0,16.0,12.0,-1.0,18.0,3.0,5.0,12.0,6.0
2022-04-19,5.0,7.0,11.0,2.0,5.0,2.0,0.0,5.0,17.0,4.0,4.0,17.0,6.0,18.0,12.0,-2.0,1.0,2.0,6.0,11.0,5.0
2022-04-20,6.0,6.0,11.0,0.0,5.0,2.0,1.0,5.0,16.0,4.0,4.0,13.0,6.0,18.0,12.0,-1.0,0.0,4.0,5.0,11.0,4.0
2022-04-21,6.0,6.0,10.0,14.0,6.0,2.0,1.0,5.0,16.0,5.0,5.0,12.0,6.0,18.0,14.0,-5.0,0.0,2.0,2.0,12.0,4.0
2022-04-22,4.0,6.0,11.0,7.0,7.0,2.0,0.0,6.0,17.0,4.0,5.0,12.0,6.0,19.0,10.0,14.0,2.0,3.0,5.0,13.0,4.0
2022-04-23,4.0,2.0,9.0,4.0,10.0,-3.0,-2.0,2.0,14.0,2.0,4.0,10.0,2.0,12.0,11.0,1.0,-2.0,2.0,7.0,9.0,0.0
2022-04-24,2.0,1.0,9.0,3.0,11.0,1.0,0.0,0.0,15.0,2.0,4.0,9.0,1.0,11.0,12.0,-1.0,0.0,0.0,7.0,8.0,0.0
2022-04-25,5.0,17.0,10.0,3.0,7.0,3.0,1.0,5.0,16.0,12.0,3.0,10.0,3.0,17.0,11.0,4.0,1.0,1.0,6.0,10.0,4.0
2022-04-26,5.0,5.0,9.0,2.0,7.0,2.0,0.0,4.0,15.0,2.0,5.0,9.0,4.0,18.0,12.0,-3.0,-1.0,1.0,6.0,10.0,4.0
